gemeente,leeftijdsklasse,aantal
Aalst (Aalst),Van 15 tot 19 jaar,5.0
Aalst (Aalst),Van 20 tot 24 jaar,6.0
Aalst (Aalst),Van 25 tot 29 jaar,6.0
Aalter,Van 15 tot 19 jaar,6.0
Aalter,Van 20 tot 24 jaar,6.0
Aalter,Van 25 tot 29 jaar,6.0
Aarlen,Van 15 tot 19 jaar,6.0
Aarlen,Van 20 tot 24 jaar,7.0
Aarlen,Van 25 tot 29 jaar,8.0
Aarschot,Van 15 tot 19 jaar,5.0
Aarschot,Van 20 tot 24 jaar,5.0
Aarschot,Van 25 tot 29 jaar,6.0
Aartselaar,Van 15 tot 19 jaar,6.0
Aartselaar,Van 20 tot 24 jaar,6.0
Aartselaar,Van 25 tot 29 jaar,5.0
Aat,Van 15 tot 19 jaar,6.0
Aat,Van 20 tot 24 jaar,6.0
Aat,Van 25 tot 29 jaar,6.0
Affligem,Van 15 tot 19 jaar,5.0
Affligem,Van 20 tot 24 jaar,5.0
Affligem,Van 25 tot 29 jaar,6.0
Aiseau-Presles,Van 15 tot 19 jaar,7.0
Aiseau-Presles,Van 20 tot 24 jaar,7.0
Aiseau-Presles,Van 25 tot 29 jaar,6.0
Alken,Van 15 tot 19 jaar,6.0
Alken,Van 20 tot 24 jaar,5.0
Alken,Van 25 tot 29 jaar,5.0
Alveringem,Van 15 tot 19 jaar,7.0
Alveringem,Van 20 tot 24 jaar,6.0
Alveringem,Van 25 tot 29 jaar,6.0
Amay,Van 15 tot 19 jaar,6.0
Amay,Van 20 tot 24 jaar,6.0
Amay,Van 25 tot 29 jaar,6.0
Amel,Van 15 tot 19 jaar,7.0
Amel,Van 20 tot 24 jaar,5.0
Amel,Van 25 tot 29 jaar,5.0
Andenne,Van 15 tot 19 jaar,7.0
Andenne,Van 20 tot 24 jaar,6.0
Andenne,Van 25 tot 29 jaar,6.0
Anderlecht,Van 15 tot 19 jaar,6.0
Anderlecht,Van 20 tot 24 jaar,7.0
Anderlecht,Van 25 tot 29 jaar,8.0
Anderlues,Van 15 tot 19 jaar,6.0
Anderlues,Van 20 tot 24 jaar,6.0
Anderlues,Van 25 tot 29 jaar,6.0
Anhée,Van 15 tot 19 jaar,7.0
Anhée,Van 20 tot 24 jaar,6.0
Anhée,Van 25 tot 29 jaar,6.0
Ans,Van 15 tot 19 jaar,6.0
Ans,Van 20 tot 24 jaar,6.0
Ans,Van 25 tot 29 jaar,6.0
Anthisnes,Van 15 tot 19 jaar,7.0
Anthisnes,Van 20 tot 24 jaar,6.0
Anthisnes,Van 25 tot 29 jaar,5.0
Antoing,Van 15 tot 19 jaar,6.0
Antoing,Van 20 tot 24 jaar,6.0
Antoing,Van 25 tot 29 jaar,6.0
Antwerpen,Van 15 tot 19 jaar,5.0
Antwerpen,Van 20 tot 24 jaar,6.0
Antwerpen,Van 25 tot 29 jaar,8.0
Anzegem,Van 15 tot 19 jaar,6.0
Anzegem,Van 20 tot 24 jaar,5.0
Anzegem,Van 25 tot 29 jaar,6.0
Ardooie,Van 15 tot 19 jaar,6.0
Ardooie,Van 20 tot 24 jaar,6.0
Ardooie,Van 25 tot 29 jaar,6.0
Arendonk,Van 15 tot 19 jaar,6.0
Arendonk,Van 20 tot 24 jaar,6.0
Arendonk,Van 25 tot 29 jaar,6.0
As,Van 15 tot 19 jaar,6.0
As,Van 20 tot 24 jaar,5.0
As,Van 25 tot 29 jaar,7.0
Asse,Van 15 tot 19 jaar,6.0
Asse,Van 20 tot 24 jaar,5.0
Asse,Van 25 tot 29 jaar,6.0
Assenede,Van 15 tot 19 jaar,6.0
Assenede,Van 20 tot 24 jaar,5.0
Assenede,Van 25 tot 29 jaar,6.0
Assesse,Van 15 tot 19 jaar,7.0
Assesse,Van 20 tot 24 jaar,6.0
Assesse,Van 25 tot 29 jaar,6.0
Attert,Van 15 tot 19 jaar,7.0
Attert,Van 20 tot 24 jaar,6.0
Attert,Van 25 tot 29 jaar,5.0
Aubange,Van 15 tot 19 jaar,7.0
Aubange,Van 20 tot 24 jaar,6.0
Aubange,Van 25 tot 29 jaar,6.0
Aubel,Van 15 tot 19 jaar,7.0
Aubel,Van 20 tot 24 jaar,7.0
Aubel,Van 25 tot 29 jaar,5.0
Avelgem,Van 15 tot 19 jaar,6.0
Avelgem,Van 20 tot 24 jaar,6.0
Avelgem,Van 25 tot 29 jaar,6.0
Awans,Van 15 tot 19 jaar,7.0
Awans,Van 20 tot 24 jaar,6.0
Awans,Van 25 tot 29 jaar,5.0
Aywaille,Van 15 tot 19 jaar,6.0
Aywaille,Van 20 tot 24 jaar,6.0
Aywaille,Van 25 tot 29 jaar,6.0
Baarle-Hertog,Van 15 tot 19 jaar,6.0
Baarle-Hertog,Van 20 tot 24 jaar,5.0
Baarle-Hertog,Van 25 tot 29 jaar,6.0
Baelen,Van 15 tot 19 jaar,8.0
Baelen,Van 20 tot 24 jaar,6.0
Baelen,Van 25 tot 29 jaar,5.0
Balen,Van 15 tot 19 jaar,6.0
Balen,Van 20 tot 24 jaar,5.0
Balen,Van 25 tot 29 jaar,6.0
Bastenaken,Van 15 tot 19 jaar,7.0
Bastenaken,Van 20 tot 24 jaar,8.0
Bastenaken,Van 25 tot 29 jaar,7.0
Beaumont,Van 15 tot 19 jaar,7.0
Beaumont,Van 20 tot 24 jaar,6.0
Beaumont,Van 25 tot 29 jaar,5.0
Beauraing,Van 15 tot 19 jaar,7.0
Beauraing,Van 20 tot 24 jaar,7.0
Beauraing,Van 25 tot 29 jaar,5.0
Beernem,Van 15 tot 19 jaar,6.0
Beernem,Van 20 tot 24 jaar,6.0
Beernem,Van 25 tot 29 jaar,6.0
Beerse,Van 15 tot 19 jaar,7.0
Beerse,Van 20 tot 24 jaar,6.0
Beerse,Van 25 tot 29 jaar,6.0
Beersel,Van 15 tot 19 jaar,7.0
Beersel,Van 20 tot 24 jaar,6.0
Beersel,Van 25 tot 29 jaar,4.0
Begijnendijk,Van 15 tot 19 jaar,6.0
Begijnendijk,Van 20 tot 24 jaar,6.0
Begijnendijk,Van 25 tot 29 jaar,5.0
Bekkevoort,Van 15 tot 19 jaar,6.0
Bekkevoort,Van 20 tot 24 jaar,5.0
Bekkevoort,Van 25 tot 29 jaar,5.0
Beloeil,Van 15 tot 19 jaar,6.0
Beloeil,Van 20 tot 24 jaar,5.0
Beloeil,Van 25 tot 29 jaar,6.0
Bergen,Van 15 tot 19 jaar,6.0
Bergen,Van 20 tot 24 jaar,7.0
Bergen,Van 25 tot 29 jaar,7.0
Beringen,Van 15 tot 19 jaar,6.0
Beringen,Van 20 tot 24 jaar,6.0
Beringen,Van 25 tot 29 jaar,7.0
Berlaar,Van 15 tot 19 jaar,6.0
Berlaar,Van 20 tot 24 jaar,5.0
Berlaar,Van 25 tot 29 jaar,6.0
Berlare,Van 15 tot 19 jaar,5.0
Berlare,Van 20 tot 24 jaar,5.0
Berlare,Van 25 tot 29 jaar,6.0
Berloz,Van 15 tot 19 jaar,6.0
Berloz,Van 20 tot 24 jaar,5.0
Berloz,Van 25 tot 29 jaar,5.0
Bernissart,Van 15 tot 19 jaar,6.0
Bernissart,Van 20 tot 24 jaar,6.0
Bernissart,Van 25 tot 29 jaar,6.0
Bertem,Van 15 tot 19 jaar,6.0
Bertem,Van 20 tot 24 jaar,5.0
Bertem,Van 25 tot 29 jaar,6.0
Bertogne,Van 15 tot 19 jaar,7.0
Bertogne,Van 20 tot 24 jaar,6.0
Bertogne,Van 25 tot 29 jaar,6.0
Bertrix,Van 15 tot 19 jaar,7.0
Bertrix,Van 20 tot 24 jaar,7.0
Bertrix,Van 25 tot 29 jaar,7.0
Bevekom,Van 15 tot 19 jaar,7.0
Bevekom,Van 20 tot 24 jaar,5.0
Bevekom,Van 25 tot 29 jaar,4.0
Bever,Van 15 tot 19 jaar,7.0
Bever,Van 20 tot 24 jaar,5.0
Bever,Van 25 tot 29 jaar,5.0
Beveren (Sint-Niklaas),Van 15 tot 19 jaar,6.0
Beveren (Sint-Niklaas),Van 20 tot 24 jaar,6.0
Beveren (Sint-Niklaas),Van 25 tot 29 jaar,6.0
Beyne-Heusay,Van 15 tot 19 jaar,7.0
Beyne-Heusay,Van 20 tot 24 jaar,6.0
Beyne-Heusay,Van 25 tot 29 jaar,5.0
Bierbeek,Van 15 tot 19 jaar,6.0
Bierbeek,Van 20 tot 24 jaar,5.0
Bierbeek,Van 25 tot 29 jaar,5.0
Bilzen,Van 15 tot 19 jaar,6.0
Bilzen,Van 20 tot 24 jaar,6.0
Bilzen,Van 25 tot 29 jaar,7.0
Binche,Van 15 tot 19 jaar,6.0
Binche,Van 20 tot 24 jaar,6.0
Binche,Van 25 tot 29 jaar,6.0
Bitsingen,Van 15 tot 19 jaar,6.0
Bitsingen,Van 20 tot 24 jaar,5.0
Bitsingen,Van 25 tot 29 jaar,6.0
Bièvre,Van 15 tot 19 jaar,7.0
Bièvre,Van 20 tot 24 jaar,7.0
Bièvre,Van 25 tot 29 jaar,6.0
Blankenberge,Van 15 tot 19 jaar,5.0
Blankenberge,Van 20 tot 24 jaar,5.0
Blankenberge,Van 25 tot 29 jaar,5.0
Blegny,Van 15 tot 19 jaar,6.0
Blegny,Van 20 tot 24 jaar,6.0
Blegny,Van 25 tot 29 jaar,6.0
Bocholt,Van 15 tot 19 jaar,6.0
Bocholt,Van 20 tot 24 jaar,6.0
Bocholt,Van 25 tot 29 jaar,6.0
Boechout,Van 15 tot 19 jaar,7.0
Boechout,Van 20 tot 24 jaar,6.0
Boechout,Van 25 tot 29 jaar,5.0
Bonheiden,Van 15 tot 19 jaar,6.0
Bonheiden,Van 20 tot 24 jaar,6.0
Bonheiden,Van 25 tot 29 jaar,4.0
Boom,Van 15 tot 19 jaar,6.0
Boom,Van 20 tot 24 jaar,5.0
Boom,Van 25 tot 29 jaar,6.0
Boortmeerbeek,Van 15 tot 19 jaar,6.0
Boortmeerbeek,Van 20 tot 24 jaar,5.0
Boortmeerbeek,Van 25 tot 29 jaar,5.0
Borgloon,Van 15 tot 19 jaar,5.0
Borgloon,Van 20 tot 24 jaar,5.0
Borgloon,Van 25 tot 29 jaar,6.0
Borgworm,Van 15 tot 19 jaar,6.0
Borgworm,Van 20 tot 24 jaar,6.0
Borgworm,Van 25 tot 29 jaar,6.0
Bornem,Van 15 tot 19 jaar,6.0
Bornem,Van 20 tot 24 jaar,5.0
Bornem,Van 25 tot 29 jaar,6.0
Borsbeek,Van 15 tot 19 jaar,6.0
Borsbeek,Van 20 tot 24 jaar,6.0
Borsbeek,Van 25 tot 29 jaar,7.0
Bouillon,Van 15 tot 19 jaar,7.0
Bouillon,Van 20 tot 24 jaar,6.0
Bouillon,Van 25 tot 29 jaar,5.0
Boussu,Van 15 tot 19 jaar,7.0
Boussu,Van 20 tot 24 jaar,6.0
Boussu,Van 25 tot 29 jaar,6.0
Boutersem,Van 15 tot 19 jaar,6.0
Boutersem,Van 20 tot 24 jaar,5.0
Boutersem,Van 25 tot 29 jaar,5.0
Braives,Van 15 tot 19 jaar,6.0
Braives,Van 20 tot 24 jaar,5.0
Braives,Van 25 tot 29 jaar,5.0
Brakel,Van 15 tot 19 jaar,5.0
Brakel,Van 20 tot 24 jaar,5.0
Brakel,Van 25 tot 29 jaar,5.0
Brasschaat,Van 15 tot 19 jaar,6.0
Brasschaat,Van 20 tot 24 jaar,6.0
Brasschaat,Van 25 tot 29 jaar,5.0
Brecht,Van 15 tot 19 jaar,7.0
Brecht,Van 20 tot 24 jaar,6.0
Brecht,Van 25 tot 29 jaar,5.0
Bredene,Van 15 tot 19 jaar,6.0
Bredene,Van 20 tot 24 jaar,6.0
Bredene,Van 25 tot 29 jaar,6.0
Bree,Van 15 tot 19 jaar,6.0
Bree,Van 20 tot 24 jaar,6.0
Bree,Van 25 tot 29 jaar,7.0
Brugelette,Van 15 tot 19 jaar,6.0
Brugelette,Van 20 tot 24 jaar,5.0
Brugelette,Van 25 tot 29 jaar,6.0
Brugge,Van 15 tot 19 jaar,6.0
Brugge,Van 20 tot 24 jaar,6.0
Brugge,Van 25 tot 29 jaar,6.0
Brunehaut,Van 15 tot 19 jaar,6.0
Brunehaut,Van 20 tot 24 jaar,6.0
Brunehaut,Van 25 tot 29 jaar,6.0
Brussel,Van 15 tot 19 jaar,6.0
Brussel,Van 20 tot 24 jaar,7.0
Brussel,Van 25 tot 29 jaar,9.0
Buggenhout,Van 15 tot 19 jaar,6.0
Buggenhout,Van 20 tot 24 jaar,5.0
Buggenhout,Van 25 tot 29 jaar,6.0
Burdinne,Van 15 tot 19 jaar,6.0
Burdinne,Van 20 tot 24 jaar,5.0
Burdinne,Van 25 tot 29 jaar,5.0
Burg-Reuland,Van 15 tot 19 jaar,7.0
Burg-Reuland,Van 20 tot 24 jaar,7.0
Burg-Reuland,Van 25 tot 29 jaar,6.0
Büllingen,Van 15 tot 19 jaar,7.0
Büllingen,Van 20 tot 24 jaar,6.0
Büllingen,Van 25 tot 29 jaar,5.0
Bütgenbach,Van 15 tot 19 jaar,8.0
Bütgenbach,Van 20 tot 24 jaar,6.0
Bütgenbach,Van 25 tot 29 jaar,5.0
Celles (Doornik),Van 15 tot 19 jaar,6.0
Celles (Doornik),Van 20 tot 24 jaar,6.0
Celles (Doornik),Van 25 tot 29 jaar,5.0
Cerfontaine,Van 15 tot 19 jaar,6.0
Cerfontaine,Van 20 tot 24 jaar,6.0
Cerfontaine,Van 25 tot 29 jaar,5.0
Chapelle-lez-Herlaimont,Van 15 tot 19 jaar,6.0
Chapelle-lez-Herlaimont,Van 20 tot 24 jaar,6.0
Chapelle-lez-Herlaimont,Van 25 tot 29 jaar,6.0
Charleroi,Van 15 tot 19 jaar,6.0
Charleroi,Van 20 tot 24 jaar,7.0
Charleroi,Van 25 tot 29 jaar,7.0
Chastre,Van 15 tot 19 jaar,8.0
Chastre,Van 20 tot 24 jaar,6.0
Chastre,Van 25 tot 29 jaar,5.0
Chaudfontaine,Van 15 tot 19 jaar,7.0
Chaudfontaine,Van 20 tot 24 jaar,6.0
Chaudfontaine,Van 25 tot 29 jaar,5.0
Chaumont-Gistoux,Van 15 tot 19 jaar,8.0
Chaumont-Gistoux,Van 20 tot 24 jaar,6.0
Chaumont-Gistoux,Van 25 tot 29 jaar,4.0
Chimay,Van 15 tot 19 jaar,7.0
Chimay,Van 20 tot 24 jaar,7.0
Chimay,Van 25 tot 29 jaar,5.0
Chiny,Van 15 tot 19 jaar,7.0
Chiny,Van 20 tot 24 jaar,6.0
Chiny,Van 25 tot 29 jaar,5.0
Chièvres,Van 15 tot 19 jaar,6.0
Chièvres,Van 20 tot 24 jaar,5.0
Chièvres,Van 25 tot 29 jaar,5.0
Châtelet,Van 15 tot 19 jaar,6.0
Châtelet,Van 20 tot 24 jaar,6.0
Châtelet,Van 25 tot 29 jaar,6.0
Ciney,Van 15 tot 19 jaar,7.0
Ciney,Van 20 tot 24 jaar,7.0
Ciney,Van 25 tot 29 jaar,7.0
Clavier,Van 15 tot 19 jaar,6.0
Clavier,Van 20 tot 24 jaar,6.0
Clavier,Van 25 tot 29 jaar,6.0
Colfontaine,Van 15 tot 19 jaar,7.0
Colfontaine,Van 20 tot 24 jaar,6.0
Colfontaine,Van 25 tot 29 jaar,7.0
Comblain-au-Pont,Van 15 tot 19 jaar,6.0
Comblain-au-Pont,Van 20 tot 24 jaar,6.0
Comblain-au-Pont,Van 25 tot 29 jaar,6.0
Courcelles,Van 15 tot 19 jaar,7.0
Courcelles,Van 20 tot 24 jaar,6.0
Courcelles,Van 25 tot 29 jaar,6.0
Court-Saint-Etienne,Van 15 tot 19 jaar,8.0
Court-Saint-Etienne,Van 20 tot 24 jaar,6.0
Court-Saint-Etienne,Van 25 tot 29 jaar,6.0
Couvin,Van 15 tot 19 jaar,7.0
Couvin,Van 20 tot 24 jaar,6.0
Couvin,Van 25 tot 29 jaar,5.0
Crisnée,Van 15 tot 19 jaar,6.0
Crisnée,Van 20 tot 24 jaar,5.0
Crisnée,Van 25 tot 29 jaar,4.0
Dalhem,Van 15 tot 19 jaar,7.0
Dalhem,Van 20 tot 24 jaar,6.0
Dalhem,Van 25 tot 29 jaar,6.0
Damme,Van 15 tot 19 jaar,7.0
Damme,Van 20 tot 24 jaar,7.0
Damme,Van 25 tot 29 jaar,5.0
Daverdisse,Van 15 tot 19 jaar,6.0
Daverdisse,Van 20 tot 24 jaar,6.0
Daverdisse,Van 25 tot 29 jaar,5.0
De Haan,Van 15 tot 19 jaar,6.0
De Haan,Van 20 tot 24 jaar,5.0
De Haan,Van 25 tot 29 jaar,4.0
De Panne,Van 15 tot 19 jaar,5.0
De Panne,Van 20 tot 24 jaar,4.0
De Panne,Van 25 tot 29 jaar,5.0
De Pinte,Van 15 tot 19 jaar,7.0
De Pinte,Van 20 tot 24 jaar,6.0
De Pinte,Van 25 tot 29 jaar,4.0
Deerlijk,Van 15 tot 19 jaar,6.0
Deerlijk,Van 20 tot 24 jaar,6.0
Deerlijk,Van 25 tot 29 jaar,6.0
Deinze,Van 15 tot 19 jaar,6.0
Deinze,Van 20 tot 24 jaar,5.0
Deinze,Van 25 tot 29 jaar,6.0
Denderleeuw,Van 15 tot 19 jaar,6.0
Denderleeuw,Van 20 tot 24 jaar,5.0
Denderleeuw,Van 25 tot 29 jaar,6.0
Dendermonde,Van 15 tot 19 jaar,6.0
Dendermonde,Van 20 tot 24 jaar,6.0
Dendermonde,Van 25 tot 29 jaar,6.0
Dentergem,Van 15 tot 19 jaar,6.0
Dentergem,Van 20 tot 24 jaar,6.0
Dentergem,Van 25 tot 29 jaar,6.0
Dessel,Van 15 tot 19 jaar,6.0
Dessel,Van 20 tot 24 jaar,5.0
Dessel,Van 25 tot 29 jaar,7.0
Destelbergen,Van 15 tot 19 jaar,6.0
Destelbergen,Van 20 tot 24 jaar,6.0
Destelbergen,Van 25 tot 29 jaar,5.0
Diepenbeek,Van 15 tot 19 jaar,5.0
Diepenbeek,Van 20 tot 24 jaar,6.0
Diepenbeek,Van 25 tot 29 jaar,6.0
Diest,Van 15 tot 19 jaar,5.0
Diest,Van 20 tot 24 jaar,6.0
Diest,Van 25 tot 29 jaar,7.0
Diksmuide,Van 15 tot 19 jaar,7.0
Diksmuide,Van 20 tot 24 jaar,6.0
Diksmuide,Van 25 tot 29 jaar,6.0
Dilbeek,Van 15 tot 19 jaar,6.0
Dilbeek,Van 20 tot 24 jaar,6.0
Dilbeek,Van 25 tot 29 jaar,5.0
Dilsen-Stokkem,Van 15 tot 19 jaar,6.0
Dilsen-Stokkem,Van 20 tot 24 jaar,6.0
Dilsen-Stokkem,Van 25 tot 29 jaar,6.0
Dinant,Van 15 tot 19 jaar,7.0
Dinant,Van 20 tot 24 jaar,7.0
Dinant,Van 25 tot 29 jaar,6.0
Dison,Van 15 tot 19 jaar,7.0
Dison,Van 20 tot 24 jaar,7.0
Dison,Van 25 tot 29 jaar,6.0
Doische,Van 15 tot 19 jaar,7.0
Doische,Van 20 tot 24 jaar,6.0
Doische,Van 25 tot 29 jaar,4.0
Donceel,Van 15 tot 19 jaar,8.0
Donceel,Van 20 tot 24 jaar,6.0
Donceel,Van 25 tot 29 jaar,5.0
Doornik,Van 15 tot 19 jaar,6.0
Doornik,Van 20 tot 24 jaar,7.0
Doornik,Van 25 tot 29 jaar,6.0
Dour,Van 15 tot 19 jaar,6.0
Dour,Van 20 tot 24 jaar,6.0
Dour,Van 25 tot 29 jaar,6.0
Drogenbos,Van 15 tot 19 jaar,6.0
Drogenbos,Van 20 tot 24 jaar,6.0
Drogenbos,Van 25 tot 29 jaar,6.0
Duffel,Van 15 tot 19 jaar,6.0
Duffel,Van 20 tot 24 jaar,6.0
Duffel,Van 25 tot 29 jaar,6.0
Durbuy,Van 15 tot 19 jaar,6.0
Durbuy,Van 20 tot 24 jaar,6.0
Durbuy,Van 25 tot 29 jaar,5.0
Ecaussinnes,Van 15 tot 19 jaar,7.0
Ecaussinnes,Van 20 tot 24 jaar,5.0
Ecaussinnes,Van 25 tot 29 jaar,6.0
Edegem,Van 15 tot 19 jaar,6.0
Edegem,Van 20 tot 24 jaar,6.0
Edegem,Van 25 tot 29 jaar,5.0
Edingen,Van 15 tot 19 jaar,6.0
Edingen,Van 20 tot 24 jaar,6.0
Edingen,Van 25 tot 29 jaar,6.0
Eeklo,Van 15 tot 19 jaar,6.0
Eeklo,Van 20 tot 24 jaar,6.0
Eeklo,Van 25 tot 29 jaar,6.0
Eghezée,Van 15 tot 19 jaar,6.0
Eghezée,Van 20 tot 24 jaar,6.0
Eghezée,Van 25 tot 29 jaar,6.0
Eigenbrakel,Van 15 tot 19 jaar,7.0
Eigenbrakel,Van 20 tot 24 jaar,6.0
Eigenbrakel,Van 25 tot 29 jaar,5.0
Elsene,Van 15 tot 19 jaar,4.0
Elsene,Van 20 tot 24 jaar,8.0
Elsene,Van 25 tot 29 jaar,14.0
Elzele,Van 15 tot 19 jaar,7.0
Elzele,Van 20 tot 24 jaar,5.0
Elzele,Van 25 tot 29 jaar,5.0
Engis,Van 15 tot 19 jaar,7.0
Engis,Van 20 tot 24 jaar,5.0
Engis,Van 25 tot 29 jaar,6.0
Erezée,Van 15 tot 19 jaar,6.0
Erezée,Van 20 tot 24 jaar,6.0
Erezée,Van 25 tot 29 jaar,5.0
Erpe-Mere,Van 15 tot 19 jaar,5.0
Erpe-Mere,Van 20 tot 24 jaar,5.0
Erpe-Mere,Van 25 tot 29 jaar,6.0
Erquelinnes,Van 15 tot 19 jaar,7.0
Erquelinnes,Van 20 tot 24 jaar,6.0
Erquelinnes,Van 25 tot 29 jaar,5.0
Esneux,Van 15 tot 19 jaar,6.0
Esneux,Van 20 tot 24 jaar,6.0
Esneux,Van 25 tot 29 jaar,6.0
Essen,Van 15 tot 19 jaar,7.0
Essen,Van 20 tot 24 jaar,6.0
Essen,Van 25 tot 29 jaar,5.0
Estaimpuis,Van 15 tot 19 jaar,6.0
Estaimpuis,Van 20 tot 24 jaar,6.0
Estaimpuis,Van 25 tot 29 jaar,5.0
Estinnes,Van 15 tot 19 jaar,6.0
Estinnes,Van 20 tot 24 jaar,5.0
Estinnes,Van 25 tot 29 jaar,5.0
Etalle,Van 15 tot 19 jaar,8.0
Etalle,Van 20 tot 24 jaar,6.0
Etalle,Van 25 tot 29 jaar,6.0
Etterbeek,Van 15 tot 19 jaar,5.0
Etterbeek,Van 20 tot 24 jaar,7.0
Etterbeek,Van 25 tot 29 jaar,12.0
Eupen,Van 15 tot 19 jaar,6.0
Eupen,Van 20 tot 24 jaar,6.0
Eupen,Van 25 tot 29 jaar,6.0
Evere,Van 15 tot 19 jaar,6.0
Evere,Van 20 tot 24 jaar,6.0
Evere,Van 25 tot 29 jaar,7.0
Evergem,Van 15 tot 19 jaar,6.0
Evergem,Van 20 tot 24 jaar,5.0
Evergem,Van 25 tot 29 jaar,6.0
Faimes,Van 15 tot 19 jaar,6.0
Faimes,Van 20 tot 24 jaar,6.0
Faimes,Van 25 tot 29 jaar,4.0
Farciennes,Van 15 tot 19 jaar,7.0
Farciennes,Van 20 tot 24 jaar,7.0
Farciennes,Van 25 tot 29 jaar,6.0
Fauvillers,Van 15 tot 19 jaar,8.0
Fauvillers,Van 20 tot 24 jaar,6.0
Fauvillers,Van 25 tot 29 jaar,6.0
Fernelmont,Van 15 tot 19 jaar,7.0
Fernelmont,Van 20 tot 24 jaar,5.0
Fernelmont,Van 25 tot 29 jaar,6.0
Ferrières,Van 15 tot 19 jaar,7.0
Ferrières,Van 20 tot 24 jaar,6.0
Ferrières,Van 25 tot 29 jaar,5.0
Fexhe-le-Haut-Clocher,Van 15 tot 19 jaar,7.0
Fexhe-le-Haut-Clocher,Van 20 tot 24 jaar,7.0
Fexhe-le-Haut-Clocher,Van 25 tot 29 jaar,5.0
Fleurus,Van 15 tot 19 jaar,7.0
Fleurus,Van 20 tot 24 jaar,6.0
Fleurus,Van 25 tot 29 jaar,6.0
Floreffe,Van 15 tot 19 jaar,7.0
Floreffe,Van 20 tot 24 jaar,6.0
Floreffe,Van 25 tot 29 jaar,5.0
Florennes,Van 15 tot 19 jaar,7.0
Florennes,Van 20 tot 24 jaar,6.0
Florennes,Van 25 tot 29 jaar,6.0
Florenville,Van 15 tot 19 jaar,6.0
Florenville,Van 20 tot 24 jaar,7.0
Florenville,Van 25 tot 29 jaar,5.0
Flémalle,Van 15 tot 19 jaar,6.0
Flémalle,Van 20 tot 24 jaar,6.0
Flémalle,Van 25 tot 29 jaar,5.0
Fléron,Van 15 tot 19 jaar,6.0
Fléron,Van 20 tot 24 jaar,6.0
Fléron,Van 25 tot 29 jaar,5.0
Fontaine-l’Evêque,Van 15 tot 19 jaar,6.0
Fontaine-l’Evêque,Van 20 tot 24 jaar,6.0
Fontaine-l’Evêque,Van 25 tot 29 jaar,5.0
Fosses-la-Ville,Van 15 tot 19 jaar,7.0
Fosses-la-Ville,Van 20 tot 24 jaar,6.0
Fosses-la-Ville,Van 25 tot 29 jaar,6.0
Frameries,Van 15 tot 19 jaar,6.0
Frameries,Van 20 tot 24 jaar,6.0
Frameries,Van 25 tot 29 jaar,6.0
Frasnes-lez-Anvaing,Van 15 tot 19 jaar,6.0
Frasnes-lez-Anvaing,Van 20 tot 24 jaar,5.0
Frasnes-lez-Anvaing,Van 25 tot 29 jaar,6.0
Froidchapelle,Van 15 tot 19 jaar,6.0
Froidchapelle,Van 20 tot 24 jaar,6.0
Froidchapelle,Van 25 tot 29 jaar,5.0
Galmaarden,Van 15 tot 19 jaar,6.0
Galmaarden,Van 20 tot 24 jaar,5.0
Galmaarden,Van 25 tot 29 jaar,6.0
Ganshoren,Van 15 tot 19 jaar,5.0
Ganshoren,Van 20 tot 24 jaar,6.0
Ganshoren,Van 25 tot 29 jaar,7.0
Gavere,Van 15 tot 19 jaar,6.0
Gavere,Van 20 tot 24 jaar,5.0
Gavere,Van 25 tot 29 jaar,6.0
Gedinne,Van 15 tot 19 jaar,6.0
Gedinne,Van 20 tot 24 jaar,6.0
Gedinne,Van 25 tot 29 jaar,5.0
Geel,Van 15 tot 19 jaar,5.0
Geel,Van 20 tot 24 jaar,6.0
Geel,Van 25 tot 29 jaar,7.0
Geer,Van 15 tot 19 jaar,6.0
Geer,Van 20 tot 24 jaar,5.0
Geer,Van 25 tot 29 jaar,6.0
Geetbets,Van 15 tot 19 jaar,6.0
Geetbets,Van 20 tot 24 jaar,4.0
Geetbets,Van 25 tot 29 jaar,5.0
Geldenaken,Van 15 tot 19 jaar,7.0
Geldenaken,Van 20 tot 24 jaar,6.0
Geldenaken,Van 25 tot 29 jaar,5.0
Gembloux,Van 15 tot 19 jaar,6.0
Gembloux,Van 20 tot 24 jaar,7.0
Gembloux,Van 25 tot 29 jaar,7.0
Genepiën,Van 15 tot 19 jaar,7.0
Genepiën,Van 20 tot 24 jaar,6.0
Genepiën,Van 25 tot 29 jaar,5.0
Genk,Van 15 tot 19 jaar,7.0
Genk,Van 20 tot 24 jaar,7.0
Genk,Van 25 tot 29 jaar,7.0
Gent,Van 15 tot 19 jaar,5.0
Gent,Van 20 tot 24 jaar,6.0
Gent,Van 25 tot 29 jaar,9.0
Geraardsbergen,Van 15 tot 19 jaar,6.0
Geraardsbergen,Van 20 tot 24 jaar,5.0
Geraardsbergen,Van 25 tot 29 jaar,6.0
Gerpinnes,Van 15 tot 19 jaar,6.0
Gerpinnes,Van 20 tot 24 jaar,6.0
Gerpinnes,Van 25 tot 29 jaar,5.0
Gesves,Van 15 tot 19 jaar,7.0
Gesves,Van 20 tot 24 jaar,6.0
Gesves,Van 25 tot 29 jaar,5.0
Gingelom,Van 15 tot 19 jaar,5.0
Gingelom,Van 20 tot 24 jaar,5.0
Gingelom,Van 25 tot 29 jaar,6.0
Gistel,Van 15 tot 19 jaar,7.0
Gistel,Van 20 tot 24 jaar,6.0
Gistel,Van 25 tot 29 jaar,6.0
Glabbeek,Van 15 tot 19 jaar,5.0
Glabbeek,Van 20 tot 24 jaar,5.0
Glabbeek,Van 25 tot 29 jaar,5.0
Gooik,Van 15 tot 19 jaar,6.0
Gooik,Van 20 tot 24 jaar,5.0
Gooik,Van 25 tot 29 jaar,5.0
Gouvy,Van 15 tot 19 jaar,7.0
Gouvy,Van 20 tot 24 jaar,6.0
Gouvy,Van 25 tot 29 jaar,6.0
Graven,Van 15 tot 19 jaar,7.0
Graven,Van 20 tot 24 jaar,6.0
Graven,Van 25 tot 29 jaar,5.0
Grimbergen,Van 15 tot 19 jaar,6.0
Grimbergen,Van 20 tot 24 jaar,5.0
Grimbergen,Van 25 tot 29 jaar,5.0
Grobbendonk,Van 15 tot 19 jaar,6.0
Grobbendonk,Van 20 tot 24 jaar,5.0
Grobbendonk,Van 25 tot 29 jaar,5.0
Grâce-Hollogne,Van 15 tot 19 jaar,7.0
Grâce-Hollogne,Van 20 tot 24 jaar,6.0
Grâce-Hollogne,Van 25 tot 29 jaar,6.0
Haacht,Van 15 tot 19 jaar,6.0
Haacht,Van 20 tot 24 jaar,5.0
Haacht,Van 25 tot 29 jaar,5.0
Haaltert,Van 15 tot 19 jaar,5.0
Haaltert,Van 20 tot 24 jaar,5.0
Haaltert,Van 25 tot 29 jaar,6.0
Habay,Van 15 tot 19 jaar,6.0
Habay,Van 20 tot 24 jaar,6.0
Habay,Van 25 tot 29 jaar,7.0
Halen,Van 15 tot 19 jaar,5.0
Halen,Van 20 tot 24 jaar,5.0
Halen,Van 25 tot 29 jaar,6.0
Halle (Halle-Vilvoorde),Van 15 tot 19 jaar,6.0
Halle (Halle-Vilvoorde),Van 20 tot 24 jaar,6.0
Halle (Halle-Vilvoorde),Van 25 tot 29 jaar,6.0
Ham,Van 15 tot 19 jaar,5.0
Ham,Van 20 tot 24 jaar,6.0
Ham,Van 25 tot 29 jaar,7.0
Ham-sur-Heure-Nalinnes,Van 15 tot 19 jaar,7.0
Ham-sur-Heure-Nalinnes,Van 20 tot 24 jaar,6.0
Ham-sur-Heure-Nalinnes,Van 25 tot 29 jaar,5.0
Hamme (Dendermonde),Van 15 tot 19 jaar,6.0
Hamme (Dendermonde),Van 20 tot 24 jaar,6.0
Hamme (Dendermonde),Van 25 tot 29 jaar,6.0
Hamoir,Van 15 tot 19 jaar,7.0
Hamoir,Van 20 tot 24 jaar,6.0
Hamoir,Van 25 tot 29 jaar,5.0
Hamois,Van 15 tot 19 jaar,8.0
Hamois,Van 20 tot 24 jaar,6.0
Hamois,Van 25 tot 29 jaar,6.0
Hamont-Achel,Van 15 tot 19 jaar,6.0
Hamont-Achel,Van 20 tot 24 jaar,6.0
Hamont-Achel,Van 25 tot 29 jaar,5.0
Hannuit,Van 15 tot 19 jaar,6.0
Hannuit,Van 20 tot 24 jaar,6.0
Hannuit,Van 25 tot 29 jaar,5.0
Harelbeke,Van 15 tot 19 jaar,6.0
Harelbeke,Van 20 tot 24 jaar,6.0
Harelbeke,Van 25 tot 29 jaar,7.0
Hasselt,Van 15 tot 19 jaar,5.0
Hasselt,Van 20 tot 24 jaar,6.0
Hasselt,Van 25 tot 29 jaar,7.0
Hastière,Van 15 tot 19 jaar,5.0
Hastière,Van 20 tot 24 jaar,5.0
Hastière,Van 25 tot 29 jaar,5.0
Havelange,Van 15 tot 19 jaar,7.0
Havelange,Van 20 tot 24 jaar,6.0
Havelange,Van 25 tot 29 jaar,6.0
Hechtel-Eksel,Van 15 tot 19 jaar,7.0
Hechtel-Eksel,Van 20 tot 24 jaar,7.0
Hechtel-Eksel,Van 25 tot 29 jaar,6.0
Heers,Van 15 tot 19 jaar,5.0
Heers,Van 20 tot 24 jaar,4.0
Heers,Van 25 tot 29 jaar,6.0
Heist-op-den-Berg,Van 15 tot 19 jaar,6.0
Heist-op-den-Berg,Van 20 tot 24 jaar,5.0
Heist-op-den-Berg,Van 25 tot 29 jaar,6.0
Hemiksem,Van 15 tot 19 jaar,5.0
Hemiksem,Van 20 tot 24 jaar,5.0
Hemiksem,Van 25 tot 29 jaar,6.0
Hensies,Van 15 tot 19 jaar,6.0
Hensies,Van 20 tot 24 jaar,6.0
Hensies,Van 25 tot 29 jaar,6.0
Herbeumont,Van 15 tot 19 jaar,7.0
Herbeumont,Van 20 tot 24 jaar,5.0
Herbeumont,Van 25 tot 29 jaar,4.0
Herent,Van 15 tot 19 jaar,6.0
Herent,Van 20 tot 24 jaar,6.0
Herent,Van 25 tot 29 jaar,6.0
Herentals,Van 15 tot 19 jaar,6.0
Herentals,Van 20 tot 24 jaar,6.0
Herentals,Van 25 tot 29 jaar,7.0
Herenthout,Van 15 tot 19 jaar,6.0
Herenthout,Van 20 tot 24 jaar,6.0
Herenthout,Van 25 tot 29 jaar,6.0
Herk-de-Stad,Van 15 tot 19 jaar,6.0
Herk-de-Stad,Van 20 tot 24 jaar,5.0
Herk-de-Stad,Van 25 tot 29 jaar,6.0
Herne,Van 15 tot 19 jaar,6.0
Herne,Van 20 tot 24 jaar,5.0
Herne,Van 25 tot 29 jaar,5.0
Herselt,Van 15 tot 19 jaar,6.0
Herselt,Van 20 tot 24 jaar,5.0
Herselt,Van 25 tot 29 jaar,6.0
Herstal,Van 15 tot 19 jaar,7.0
Herstal,Van 20 tot 24 jaar,6.0
Herstal,Van 25 tot 29 jaar,6.0
Herstappe,Van 15 tot 19 jaar,7.0
Herstappe,Van 20 tot 24 jaar,5.0
Herstappe,Van 25 tot 29 jaar,7.0
Herve,Van 15 tot 19 jaar,7.0
Herve,Van 20 tot 24 jaar,7.0
Herve,Van 25 tot 29 jaar,6.0
Herzele,Van 15 tot 19 jaar,6.0
Herzele,Van 20 tot 24 jaar,5.0
Herzele,Van 25 tot 29 jaar,6.0
Heusden-Zolder,Van 15 tot 19 jaar,6.0
Heusden-Zolder,Van 20 tot 24 jaar,7.0
Heusden-Zolder,Van 25 tot 29 jaar,7.0
Heuvelland,Van 15 tot 19 jaar,7.0
Heuvelland,Van 20 tot 24 jaar,6.0
Heuvelland,Van 25 tot 29 jaar,6.0
Hoegaarden,Van 15 tot 19 jaar,6.0
Hoegaarden,Van 20 tot 24 jaar,5.0
Hoegaarden,Van 25 tot 29 jaar,5.0
Hoei,Van 15 tot 19 jaar,6.0
Hoei,Van 20 tot 24 jaar,7.0
Hoei,Van 25 tot 29 jaar,7.0
Hoeilaart,Van 15 tot 19 jaar,6.0
Hoeilaart,Van 20 tot 24 jaar,5.0
Hoeilaart,Van 25 tot 29 jaar,5.0
Hoeselt,Van 15 tot 19 jaar,6.0
Hoeselt,Van 20 tot 24 jaar,5.0
Hoeselt,Van 25 tot 29 jaar,6.0
Holsbeek,Van 15 tot 19 jaar,6.0
Holsbeek,Van 20 tot 24 jaar,5.0
Holsbeek,Van 25 tot 29 jaar,5.0
Honnelles,Van 15 tot 19 jaar,7.0
Honnelles,Van 20 tot 24 jaar,5.0
Honnelles,Van 25 tot 29 jaar,5.0
Hooglede,Van 15 tot 19 jaar,7.0
Hooglede,Van 20 tot 24 jaar,6.0
Hooglede,Van 25 tot 29 jaar,6.0
Hoogstraten,Van 15 tot 19 jaar,7.0
Hoogstraten,Van 20 tot 24 jaar,6.0
Hoogstraten,Van 25 tot 29 jaar,6.0
Horebeke,Van 15 tot 19 jaar,5.0
Horebeke,Van 20 tot 24 jaar,4.0
Horebeke,Van 25 tot 29 jaar,4.0
Hotton,Van 15 tot 19 jaar,8.0
Hotton,Van 20 tot 24 jaar,6.0
Hotton,Van 25 tot 29 jaar,6.0
Houffalize,Van 15 tot 19 jaar,7.0
Houffalize,Van 20 tot 24 jaar,7.0
Houffalize,Van 25 tot 29 jaar,6.0
Houthalen-Helchteren,Van 15 tot 19 jaar,7.0
Houthalen-Helchteren,Van 20 tot 24 jaar,7.0
Houthalen-Helchteren,Van 25 tot 29 jaar,7.0
Houthulst,Van 15 tot 19 jaar,6.0
Houthulst,Van 20 tot 24 jaar,6.0
Houthulst,Van 25 tot 29 jaar,7.0
Houyet,Van 15 tot 19 jaar,7.0
Houyet,Van 20 tot 24 jaar,6.0
Houyet,Van 25 tot 29 jaar,5.0
Hove (Antwerpen),Van 15 tot 19 jaar,7.0
Hove (Antwerpen),Van 20 tot 24 jaar,7.0
Hove (Antwerpen),Van 25 tot 29 jaar,4.0
Huldenberg,Van 15 tot 19 jaar,6.0
Huldenberg,Van 20 tot 24 jaar,5.0
Huldenberg,Van 25 tot 29 jaar,4.0
Hulshout,Van 15 tot 19 jaar,6.0
Hulshout,Van 20 tot 24 jaar,5.0
Hulshout,Van 25 tot 29 jaar,6.0
Hélécine,Van 15 tot 19 jaar,6.0
Hélécine,Van 20 tot 24 jaar,5.0
Hélécine,Van 25 tot 29 jaar,5.0
Héron,Van 15 tot 19 jaar,6.0
Héron,Van 20 tot 24 jaar,6.0
Héron,Van 25 tot 29 jaar,6.0
Ichtegem,Van 15 tot 19 jaar,6.0
Ichtegem,Van 20 tot 24 jaar,6.0
Ichtegem,Van 25 tot 29 jaar,6.0
Ieper,Van 15 tot 19 jaar,7.0
Ieper,Van 20 tot 24 jaar,6.0
Ieper,Van 25 tot 29 jaar,6.0
Incourt,Van 15 tot 19 jaar,8.0
Incourt,Van 20 tot 24 jaar,5.0
Incourt,Van 25 tot 29 jaar,5.0
Ingelmunster,Van 15 tot 19 jaar,6.0
Ingelmunster,Van 20 tot 24 jaar,5.0
Ingelmunster,Van 25 tot 29 jaar,6.0
Itter,Van 15 tot 19 jaar,6.0
Itter,Van 20 tot 24 jaar,5.0
Itter,Van 25 tot 29 jaar,5.0
Izegem,Van 15 tot 19 jaar,6.0
Izegem,Van 20 tot 24 jaar,6.0
Izegem,Van 25 tot 29 jaar,6.0
Jabbeke,Van 15 tot 19 jaar,7.0
Jabbeke,Van 20 tot 24 jaar,5.0
Jabbeke,Van 25 tot 29 jaar,5.0
Jalhay,Van 15 tot 19 jaar,8.0
Jalhay,Van 20 tot 24 jaar,6.0
Jalhay,Van 25 tot 29 jaar,5.0
Jemeppe-sur-Sambre,Van 15 tot 19 jaar,6.0
Jemeppe-sur-Sambre,Van 20 tot 24 jaar,6.0
Jemeppe-sur-Sambre,Van 25 tot 29 jaar,6.0
Jette,Van 15 tot 19 jaar,6.0
Jette,Van 20 tot 24 jaar,6.0
Jette,Van 25 tot 29 jaar,8.0
Juprelle,Van 15 tot 19 jaar,6.0
Juprelle,Van 20 tot 24 jaar,6.0
Juprelle,Van 25 tot 29 jaar,5.0
Jurbeke,Van 15 tot 19 jaar,7.0
Jurbeke,Van 20 tot 24 jaar,5.0
Jurbeke,Van 25 tot 29 jaar,5.0
Kalmthout,Van 15 tot 19 jaar,7.0
Kalmthout,Van 20 tot 24 jaar,6.0
Kalmthout,Van 25 tot 29 jaar,5.0
Kampenhout,Van 15 tot 19 jaar,6.0
Kampenhout,Van 20 tot 24 jaar,6.0
Kampenhout,Van 25 tot 29 jaar,5.0
Kapelle-op-den-Bos,Van 15 tot 19 jaar,6.0
Kapelle-op-den-Bos,Van 20 tot 24 jaar,6.0
Kapelle-op-den-Bos,Van 25 tot 29 jaar,6.0
Kapellen (Antwerpen),Van 15 tot 19 jaar,7.0
Kapellen (Antwerpen),Van 20 tot 24 jaar,5.0
Kapellen (Antwerpen),Van 25 tot 29 jaar,5.0
Kaprijke,Van 15 tot 19 jaar,6.0
Kaprijke,Van 20 tot 24 jaar,6.0
Kaprijke,Van 25 tot 29 jaar,5.0
Kasteelbrakel,Van 15 tot 19 jaar,7.0
Kasteelbrakel,Van 20 tot 24 jaar,6.0
Kasteelbrakel,Van 25 tot 29 jaar,5.0
Kasterlee,Van 15 tot 19 jaar,7.0
Kasterlee,Van 20 tot 24 jaar,6.0
Kasterlee,Van 25 tot 29 jaar,6.0
Keerbergen,Van 15 tot 19 jaar,6.0
Keerbergen,Van 20 tot 24 jaar,5.0
Keerbergen,Van 25 tot 29 jaar,4.0
Kelmis,Van 15 tot 19 jaar,7.0
Kelmis,Van 20 tot 24 jaar,6.0
Kelmis,Van 25 tot 29 jaar,5.0
Kinrooi,Van 15 tot 19 jaar,7.0
Kinrooi,Van 20 tot 24 jaar,6.0
Kinrooi,Van 25 tot 29 jaar,5.0
Kluisbergen,Van 15 tot 19 jaar,5.0
Kluisbergen,Van 20 tot 24 jaar,6.0
Kluisbergen,Van 25 tot 29 jaar,6.0
Knokke-Heist,Van 15 tot 19 jaar,5.0
Knokke-Heist,Van 20 tot 24 jaar,4.0
Knokke-Heist,Van 25 tot 29 jaar,4.0
Koekelare,Van 15 tot 19 jaar,6.0
Koekelare,Van 20 tot 24 jaar,6.0
Koekelare,Van 25 tot 29 jaar,7.0
Koekelberg,Van 15 tot 19 jaar,5.0
Koekelberg,Van 20 tot 24 jaar,6.0
Koekelberg,Van 25 tot 29 jaar,9.0
Koksijde,Van 15 tot 19 jaar,5.0
Koksijde,Van 20 tot 24 jaar,5.0
Koksijde,Van 25 tot 29 jaar,4.0
Komen-Waasten,Van 15 tot 19 jaar,6.0
Komen-Waasten,Van 20 tot 24 jaar,6.0
Komen-Waasten,Van 25 tot 29 jaar,6.0
Kontich,Van 15 tot 19 jaar,7.0
Kontich,Van 20 tot 24 jaar,6.0
Kontich,Van 25 tot 29 jaar,5.0
Kortemark,Van 15 tot 19 jaar,6.0
Kortemark,Van 20 tot 24 jaar,6.0
Kortemark,Van 25 tot 29 jaar,6.0
Kortenaken,Van 15 tot 19 jaar,5.0
Kortenaken,Van 20 tot 24 jaar,5.0
Kortenaken,Van 25 tot 29 jaar,5.0
Kortenberg,Van 15 tot 19 jaar,6.0
Kortenberg,Van 20 tot 24 jaar,5.0
Kortenberg,Van 25 tot 29 jaar,5.0
Kortessem,Van 15 tot 19 jaar,6.0
Kortessem,Van 20 tot 24 jaar,5.0
Kortessem,Van 25 tot 29 jaar,6.0
Kortrijk,Van 15 tot 19 jaar,6.0
Kortrijk,Van 20 tot 24 jaar,6.0
Kortrijk,Van 25 tot 29 jaar,6.0
Kraainem,Van 15 tot 19 jaar,7.0
Kraainem,Van 20 tot 24 jaar,7.0
Kraainem,Van 25 tot 29 jaar,5.0
Kruibeke,Van 15 tot 19 jaar,6.0
Kruibeke,Van 20 tot 24 jaar,5.0
Kruibeke,Van 25 tot 29 jaar,6.0
Kruisem,Van 15 tot 19 jaar,6.0
Kruisem,Van 20 tot 24 jaar,6.0
Kruisem,Van 25 tot 29 jaar,6.0
Kuurne,Van 15 tot 19 jaar,6.0
Kuurne,Van 20 tot 24 jaar,6.0
Kuurne,Van 25 tot 29 jaar,5.0
La Bruyère,Van 15 tot 19 jaar,7.0
La Bruyère,Van 20 tot 24 jaar,6.0
La Bruyère,Van 25 tot 29 jaar,5.0
La Louvière,Van 15 tot 19 jaar,6.0
La Louvière,Van 20 tot 24 jaar,7.0
La Louvière,Van 25 tot 29 jaar,6.0
La Roche-en-Ardenne,Van 15 tot 19 jaar,7.0
La Roche-en-Ardenne,Van 20 tot 24 jaar,5.0
La Roche-en-Ardenne,Van 25 tot 29 jaar,5.0
Laakdal,Van 15 tot 19 jaar,6.0
Laakdal,Van 20 tot 24 jaar,5.0
Laakdal,Van 25 tot 29 jaar,6.0
Laarne,Van 15 tot 19 jaar,6.0
Laarne,Van 20 tot 24 jaar,5.0
Laarne,Van 25 tot 29 jaar,6.0
Lanaken,Van 15 tot 19 jaar,6.0
Lanaken,Van 20 tot 24 jaar,6.0
Lanaken,Van 25 tot 29 jaar,6.0
Landen,Van 15 tot 19 jaar,5.0
Landen,Van 20 tot 24 jaar,5.0
Landen,Van 25 tot 29 jaar,6.0
Langemark-Poelkapelle,Van 15 tot 19 jaar,7.0
Langemark-Poelkapelle,Van 20 tot 24 jaar,6.0
Langemark-Poelkapelle,Van 25 tot 29 jaar,6.0
Lasne,Van 15 tot 19 jaar,7.0
Lasne,Van 20 tot 24 jaar,6.0
Lasne,Van 25 tot 29 jaar,4.0
Le Roeulx,Van 15 tot 19 jaar,6.0
Le Roeulx,Van 20 tot 24 jaar,6.0
Le Roeulx,Van 25 tot 29 jaar,6.0
Lebbeke,Van 15 tot 19 jaar,5.0
Lebbeke,Van 20 tot 24 jaar,5.0
Lebbeke,Van 25 tot 29 jaar,6.0
Lede,Van 15 tot 19 jaar,5.0
Lede,Van 20 tot 24 jaar,5.0
Lede,Van 25 tot 29 jaar,6.0
Ledegem,Van 15 tot 19 jaar,6.0
Ledegem,Van 20 tot 24 jaar,6.0
Ledegem,Van 25 tot 29 jaar,6.0
Lendelede,Van 15 tot 19 jaar,6.0
Lendelede,Van 20 tot 24 jaar,6.0
Lendelede,Van 25 tot 29 jaar,6.0
Lennik,Van 15 tot 19 jaar,6.0
Lennik,Van 20 tot 24 jaar,5.0
Lennik,Van 25 tot 29 jaar,5.0
Lens,Van 15 tot 19 jaar,6.0
Lens,Van 20 tot 24 jaar,5.0
Lens,Van 25 tot 29 jaar,6.0
Leopoldsburg,Van 15 tot 19 jaar,6.0
Leopoldsburg,Van 20 tot 24 jaar,6.0
Leopoldsburg,Van 25 tot 29 jaar,7.0
Les Bons Villers,Van 15 tot 19 jaar,7.0
Les Bons Villers,Van 20 tot 24 jaar,6.0
Les Bons Villers,Van 25 tot 29 jaar,5.0
Lessen,Van 15 tot 19 jaar,7.0
Lessen,Van 20 tot 24 jaar,5.0
Lessen,Van 25 tot 29 jaar,5.0
Leuven,Van 15 tot 19 jaar,5.0
Leuven,Van 20 tot 24 jaar,8.0
Leuven,Van 25 tot 29 jaar,11.0
Leuze-en-Hainaut,Van 15 tot 19 jaar,6.0
Leuze-en-Hainaut,Van 20 tot 24 jaar,6.0
Leuze-en-Hainaut,Van 25 tot 29 jaar,6.0
Libin,Van 15 tot 19 jaar,7.0
Libin,Van 20 tot 24 jaar,6.0
Libin,Van 25 tot 29 jaar,6.0
Libramont-Chevigny,Van 15 tot 19 jaar,7.0
Libramont-Chevigny,Van 20 tot 24 jaar,7.0
Libramont-Chevigny,Van 25 tot 29 jaar,7.0
Lichtervelde,Van 15 tot 19 jaar,6.0
Lichtervelde,Van 20 tot 24 jaar,6.0
Lichtervelde,Van 25 tot 29 jaar,6.0
Liedekerke,Van 15 tot 19 jaar,6.0
Liedekerke,Van 20 tot 24 jaar,5.0
Liedekerke,Van 25 tot 29 jaar,5.0
Lier,Van 15 tot 19 jaar,6.0
Lier,Van 20 tot 24 jaar,6.0
Lier,Van 25 tot 29 jaar,7.0
Lierde,Van 15 tot 19 jaar,6.0
Lierde,Van 20 tot 24 jaar,5.0
Lierde,Van 25 tot 29 jaar,5.0
Lierneux,Van 15 tot 19 jaar,7.0
Lierneux,Van 20 tot 24 jaar,6.0
Lierneux,Van 25 tot 29 jaar,6.0
Lievegem,Van 15 tot 19 jaar,6.0
Lievegem,Van 20 tot 24 jaar,5.0
Lievegem,Van 25 tot 29 jaar,5.0
Lijsem,Van 15 tot 19 jaar,7.0
Lijsem,Van 20 tot 24 jaar,5.0
Lijsem,Van 25 tot 29 jaar,5.0
Lille,Van 15 tot 19 jaar,7.0
Lille,Van 20 tot 24 jaar,6.0
Lille,Van 25 tot 29 jaar,6.0
Limburg,Van 15 tot 19 jaar,7.0
Limburg,Van 20 tot 24 jaar,6.0
Limburg,Van 25 tot 29 jaar,6.0
Linkebeek,Van 15 tot 19 jaar,7.0
Linkebeek,Van 20 tot 24 jaar,7.0
Linkebeek,Van 25 tot 29 jaar,4.0
Lint,Van 15 tot 19 jaar,8.0
Lint,Van 20 tot 24 jaar,7.0
Lint,Van 25 tot 29 jaar,6.0
Linter,Van 15 tot 19 jaar,6.0
Linter,Van 20 tot 24 jaar,5.0
Linter,Van 25 tot 29 jaar,6.0
Lo-Reninge,Van 15 tot 19 jaar,7.0
Lo-Reninge,Van 20 tot 24 jaar,6.0
Lo-Reninge,Van 25 tot 29 jaar,5.0
Lobbes,Van 15 tot 19 jaar,6.0
Lobbes,Van 20 tot 24 jaar,6.0
Lobbes,Van 25 tot 29 jaar,5.0
Lochristi,Van 15 tot 19 jaar,6.0
Lochristi,Van 20 tot 24 jaar,5.0
Lochristi,Van 25 tot 29 jaar,5.0
Lokeren,Van 15 tot 19 jaar,6.0
Lokeren,Van 20 tot 24 jaar,6.0
Lokeren,Van 25 tot 29 jaar,7.0
Lommel,Van 15 tot 19 jaar,7.0
Lommel,Van 20 tot 24 jaar,6.0
Lommel,Van 25 tot 29 jaar,6.0
Londerzeel,Van 15 tot 19 jaar,6.0
Londerzeel,Van 20 tot 24 jaar,5.0
Londerzeel,Van 25 tot 29 jaar,6.0
Lontzen,Van 15 tot 19 jaar,7.0
Lontzen,Van 20 tot 24 jaar,6.0
Lontzen,Van 25 tot 29 jaar,5.0
Lubbeek,Van 15 tot 19 jaar,6.0
Lubbeek,Van 20 tot 24 jaar,6.0
Lubbeek,Van 25 tot 29 jaar,5.0
Luik,Van 15 tot 19 jaar,5.0
Luik,Van 20 tot 24 jaar,8.0
Luik,Van 25 tot 29 jaar,9.0
Lummen,Van 15 tot 19 jaar,6.0
Lummen,Van 20 tot 24 jaar,6.0
Lummen,Van 25 tot 29 jaar,7.0
Léglise,Van 15 tot 19 jaar,6.0
Léglise,Van 20 tot 24 jaar,6.0
Léglise,Van 25 tot 29 jaar,6.0
Maarkedal,Van 15 tot 19 jaar,7.0
Maarkedal,Van 20 tot 24 jaar,5.0
Maarkedal,Van 25 tot 29 jaar,5.0
Maaseik,Van 15 tot 19 jaar,6.0
Maaseik,Van 20 tot 24 jaar,6.0
Maaseik,Van 25 tot 29 jaar,6.0
Maasmechelen,Van 15 tot 19 jaar,6.0
Maasmechelen,Van 20 tot 24 jaar,6.0
Maasmechelen,Van 25 tot 29 jaar,7.0
Machelen (Halle-Vilvoorde),Van 15 tot 19 jaar,7.0
Machelen (Halle-Vilvoorde),Van 20 tot 24 jaar,6.0
Machelen (Halle-Vilvoorde),Van 25 tot 29 jaar,6.0
Maldegem,Van 15 tot 19 jaar,6.0
Maldegem,Van 20 tot 24 jaar,5.0
Maldegem,Van 25 tot 29 jaar,6.0
Malle,Van 15 tot 19 jaar,7.0
Malle,Van 20 tot 24 jaar,6.0
Malle,Van 25 tot 29 jaar,6.0
Malmedy,Van 15 tot 19 jaar,7.0
Malmedy,Van 20 tot 24 jaar,6.0
Malmedy,Van 25 tot 29 jaar,6.0
Manage,Van 15 tot 19 jaar,7.0
Manage,Van 20 tot 24 jaar,6.0
Manage,Van 25 tot 29 jaar,6.0
Manhay,Van 15 tot 19 jaar,7.0
Manhay,Van 20 tot 24 jaar,6.0
Manhay,Van 25 tot 29 jaar,6.0
Marche-en-Famenne,Van 15 tot 19 jaar,7.0
Marche-en-Famenne,Van 20 tot 24 jaar,7.0
Marche-en-Famenne,Van 25 tot 29 jaar,6.0
Marchin,Van 15 tot 19 jaar,7.0
Marchin,Van 20 tot 24 jaar,6.0
Marchin,Van 25 tot 29 jaar,6.0
Martelange,Van 15 tot 19 jaar,6.0
Martelange,Van 20 tot 24 jaar,6.0
Martelange,Van 25 tot 29 jaar,7.0
Mechelen,Van 15 tot 19 jaar,6.0
Mechelen,Van 20 tot 24 jaar,6.0
Mechelen,Van 25 tot 29 jaar,7.0
Meerhout,Van 15 tot 19 jaar,5.0
Meerhout,Van 20 tot 24 jaar,6.0
Meerhout,Van 25 tot 29 jaar,7.0
Meise,Van 15 tot 19 jaar,7.0
Meise,Van 20 tot 24 jaar,6.0
Meise,Van 25 tot 29 jaar,5.0
Meix-devant-Virton,Van 15 tot 19 jaar,6.0
Meix-devant-Virton,Van 20 tot 24 jaar,6.0
Meix-devant-Virton,Van 25 tot 29 jaar,6.0
Melle,Van 15 tot 19 jaar,6.0
Melle,Van 20 tot 24 jaar,5.0
Melle,Van 25 tot 29 jaar,6.0
Menen,Van 15 tot 19 jaar,6.0
Menen,Van 20 tot 24 jaar,6.0
Menen,Van 25 tot 29 jaar,6.0
Merbes-le-Château,Van 15 tot 19 jaar,7.0
Merbes-le-Château,Van 20 tot 24 jaar,6.0
Merbes-le-Château,Van 25 tot 29 jaar,5.0
Merchtem,Van 15 tot 19 jaar,6.0
Merchtem,Van 20 tot 24 jaar,6.0
Merchtem,Van 25 tot 29 jaar,6.0
Merelbeke,Van 15 tot 19 jaar,6.0
Merelbeke,Van 20 tot 24 jaar,6.0
Merelbeke,Van 25 tot 29 jaar,5.0
Merksplas,Van 15 tot 19 jaar,7.0
Merksplas,Van 20 tot 24 jaar,7.0
Merksplas,Van 25 tot 29 jaar,6.0
Mesen,Van 15 tot 19 jaar,6.0
Mesen,Van 20 tot 24 jaar,7.0
Mesen,Van 25 tot 29 jaar,6.0
Messancy,Van 15 tot 19 jaar,6.0
Messancy,Van 20 tot 24 jaar,6.0
Messancy,Van 25 tot 29 jaar,7.0
Mettet,Van 15 tot 19 jaar,7.0
Mettet,Van 20 tot 24 jaar,6.0
Mettet,Van 25 tot 29 jaar,6.0
Meulebeke,Van 15 tot 19 jaar,6.0
Meulebeke,Van 20 tot 24 jaar,6.0
Meulebeke,Van 25 tot 29 jaar,6.0
Middelkerke,Van 15 tot 19 jaar,5.0
Middelkerke,Van 20 tot 24 jaar,4.0
Middelkerke,Van 25 tot 29 jaar,4.0
Modave,Van 15 tot 19 jaar,6.0
Modave,Van 20 tot 24 jaar,6.0
Modave,Van 25 tot 29 jaar,5.0
Moerbeke (Gent),Van 15 tot 19 jaar,6.0
Moerbeke (Gent),Van 20 tot 24 jaar,5.0
Moerbeke (Gent),Van 25 tot 29 jaar,6.0
Moeskroen,Van 15 tot 19 jaar,6.0
Moeskroen,Van 20 tot 24 jaar,6.0
Moeskroen,Van 25 tot 29 jaar,6.0
Mol,Van 15 tot 19 jaar,6.0
Mol,Van 20 tot 24 jaar,6.0
Mol,Van 25 tot 29 jaar,6.0
Momignies,Van 15 tot 19 jaar,8.0
Momignies,Van 20 tot 24 jaar,7.0
Momignies,Van 25 tot 29 jaar,5.0
Mont-Saint-Guibert,Van 15 tot 19 jaar,7.0
Mont-Saint-Guibert,Van 20 tot 24 jaar,6.0
Mont-Saint-Guibert,Van 25 tot 29 jaar,6.0
Mont-de-l’Enclus,Van 15 tot 19 jaar,6.0
Mont-de-l’Enclus,Van 20 tot 24 jaar,4.0
Mont-de-l’Enclus,Van 25 tot 29 jaar,5.0
Montigny-le-Tilleul,Van 15 tot 19 jaar,6.0
Montigny-le-Tilleul,Van 20 tot 24 jaar,6.0
Montigny-le-Tilleul,Van 25 tot 29 jaar,5.0
Moorslede,Van 15 tot 19 jaar,6.0
Moorslede,Van 20 tot 24 jaar,6.0
Moorslede,Van 25 tot 29 jaar,6.0
Morlanwelz,Van 15 tot 19 jaar,6.0
Morlanwelz,Van 20 tot 24 jaar,6.0
Morlanwelz,Van 25 tot 29 jaar,6.0
Mortsel,Van 15 tot 19 jaar,6.0
Mortsel,Van 20 tot 24 jaar,6.0
Mortsel,Van 25 tot 29 jaar,6.0
Musson,Van 15 tot 19 jaar,7.0
Musson,Van 20 tot 24 jaar,6.0
Musson,Van 25 tot 29 jaar,6.0
Namen,Van 15 tot 19 jaar,6.0
Namen,Van 20 tot 24 jaar,7.0
Namen,Van 25 tot 29 jaar,8.0
Nandrin,Van 15 tot 19 jaar,7.0
Nandrin,Van 20 tot 24 jaar,6.0
Nandrin,Van 25 tot 29 jaar,4.0
Nassogne,Van 15 tot 19 jaar,7.0
Nassogne,Van 20 tot 24 jaar,7.0
Nassogne,Van 25 tot 29 jaar,6.0
Nazareth,Van 15 tot 19 jaar,6.0
Nazareth,Van 20 tot 24 jaar,5.0
Nazareth,Van 25 tot 29 jaar,5.0
Neufchâteau (Neufchâteau),Van 15 tot 19 jaar,7.0
Neufchâteau (Neufchâteau),Van 20 tot 24 jaar,7.0
Neufchâteau (Neufchâteau),Van 25 tot 29 jaar,7.0
Neupré,Van 15 tot 19 jaar,7.0
Neupré,Van 20 tot 24 jaar,6.0
Neupré,Van 25 tot 29 jaar,4.0
Niel,Van 15 tot 19 jaar,5.0
Niel,Van 20 tot 24 jaar,5.0
Niel,Van 25 tot 29 jaar,7.0
Nieuwerkerken (Hasselt),Van 15 tot 19 jaar,5.0
Nieuwerkerken (Hasselt),Van 20 tot 24 jaar,5.0
Nieuwerkerken (Hasselt),Van 25 tot 29 jaar,6.0
Nieuwpoort,Van 15 tot 19 jaar,6.0
Nieuwpoort,Van 20 tot 24 jaar,5.0
Nieuwpoort,Van 25 tot 29 jaar,5.0
Nijlen,Van 15 tot 19 jaar,6.0
Nijlen,Van 20 tot 24 jaar,5.0
Nijlen,Van 25 tot 29 jaar,6.0
Nijvel,Van 15 tot 19 jaar,6.0
Nijvel,Van 20 tot 24 jaar,7.0
Nijvel,Van 25 tot 29 jaar,7.0
Ninove,Van 15 tot 19 jaar,6.0
Ninove,Van 20 tot 24 jaar,5.0
Ninove,Van 25 tot 29 jaar,6.0
Oerle,Van 15 tot 19 jaar,6.0
Oerle,Van 20 tot 24 jaar,5.0
Oerle,Van 25 tot 29 jaar,5.0
Ohey,Van 15 tot 19 jaar,8.0
Ohey,Van 20 tot 24 jaar,6.0
Ohey,Van 25 tot 29 jaar,6.0
Olen,Van 15 tot 19 jaar,5.0
Olen,Van 20 tot 24 jaar,6.0
Olen,Van 25 tot 29 jaar,7.0
Olne,Van 15 tot 19 jaar,7.0
Olne,Van 20 tot 24 jaar,6.0
Olne,Van 25 tot 29 jaar,5.0
Onhaye,Van 15 tot 19 jaar,7.0
Onhaye,Van 20 tot 24 jaar,7.0
Onhaye,Van 25 tot 29 jaar,5.0
Oostende,Van 15 tot 19 jaar,5.0
Oostende,Van 20 tot 24 jaar,5.0
Oostende,Van 25 tot 29 jaar,5.0
Oosterzele,Van 15 tot 19 jaar,7.0
Oosterzele,Van 20 tot 24 jaar,6.0
Oosterzele,Van 25 tot 29 jaar,5.0
Oostkamp,Van 15 tot 19 jaar,6.0
Oostkamp,Van 20 tot 24 jaar,5.0
Oostkamp,Van 25 tot 29 jaar,6.0
Oostrozebeke,Van 15 tot 19 jaar,6.0
Oostrozebeke,Van 20 tot 24 jaar,6.0
Oostrozebeke,Van 25 tot 29 jaar,6.0
Opwijk,Van 15 tot 19 jaar,5.0
Opwijk,Van 20 tot 24 jaar,6.0
Opwijk,Van 25 tot 29 jaar,6.0
Opzullik,Van 15 tot 19 jaar,7.0
Opzullik,Van 20 tot 24 jaar,5.0
Opzullik,Van 25 tot 29 jaar,4.0
Orp-Jauche,Van 15 tot 19 jaar,7.0
Orp-Jauche,Van 20 tot 24 jaar,5.0
Orp-Jauche,Van 25 tot 29 jaar,5.0
Ottignies-Louvain-la-Neuve,Van 15 tot 19 jaar,7.0
Ottignies-Louvain-la-Neuve,Van 20 tot 24 jaar,9.0
Ottignies-Louvain-la-Neuve,Van 25 tot 29 jaar,8.0
Oud-Heverlee,Van 15 tot 19 jaar,7.0
Oud-Heverlee,Van 20 tot 24 jaar,6.0
Oud-Heverlee,Van 25 tot 29 jaar,5.0
Oud-Turnhout,Van 15 tot 19 jaar,6.0
Oud-Turnhout,Van 20 tot 24 jaar,6.0
Oud-Turnhout,Van 25 tot 29 jaar,5.0
Oudenaarde,Van 15 tot 19 jaar,6.0
Oudenaarde,Van 20 tot 24 jaar,6.0
Oudenaarde,Van 25 tot 29 jaar,6.0
Oudenburg,Van 15 tot 19 jaar,6.0
Oudenburg,Van 20 tot 24 jaar,5.0
Oudenburg,Van 25 tot 29 jaar,5.0
Oudergem,Van 15 tot 19 jaar,5.0
Oudergem,Van 20 tot 24 jaar,6.0
Oudergem,Van 25 tot 29 jaar,7.0
Oudsbergen,Van 15 tot 19 jaar,6.0
Oudsbergen,Van 20 tot 24 jaar,6.0
Oudsbergen,Van 25 tot 29 jaar,7.0
Ouffet,Van 15 tot 19 jaar,8.0
Ouffet,Van 20 tot 24 jaar,6.0
Ouffet,Van 25 tot 29 jaar,6.0
Oupeye,Van 15 tot 19 jaar,7.0
Oupeye,Van 20 tot 24 jaar,6.0
Oupeye,Van 25 tot 29 jaar,5.0
Overijse,Van 15 tot 19 jaar,6.0
Overijse,Van 20 tot 24 jaar,5.0
Overijse,Van 25 tot 29 jaar,4.0
Paliseul,Van 15 tot 19 jaar,7.0
Paliseul,Van 20 tot 24 jaar,7.0
Paliseul,Van 25 tot 29 jaar,7.0
Pecq,Van 15 tot 19 jaar,6.0
Pecq,Van 20 tot 24 jaar,5.0
Pecq,Van 25 tot 29 jaar,5.0
Peer,Van 15 tot 19 jaar,7.0
Peer,Van 20 tot 24 jaar,7.0
Peer,Van 25 tot 29 jaar,7.0
Pelt,Van 15 tot 19 jaar,7.0
Pelt,Van 20 tot 24 jaar,6.0
Pelt,Van 25 tot 29 jaar,6.0
Pepingen,Van 15 tot 19 jaar,6.0
Pepingen,Van 20 tot 24 jaar,7.0
Pepingen,Van 25 tot 29 jaar,5.0
Pepinster,Van 15 tot 19 jaar,7.0
Pepinster,Van 20 tot 24 jaar,6.0
Pepinster,Van 25 tot 29 jaar,5.0
Perwijs (Nijvel),Van 15 tot 19 jaar,6.0
Perwijs (Nijvel),Van 20 tot 24 jaar,5.0
Perwijs (Nijvel),Van 25 tot 29 jaar,6.0
Philippeville,Van 15 tot 19 jaar,6.0
Philippeville,Van 20 tot 24 jaar,6.0
Philippeville,Van 25 tot 29 jaar,5.0
Pittem,Van 15 tot 19 jaar,6.0
Pittem,Van 20 tot 24 jaar,6.0
Pittem,Van 25 tot 29 jaar,7.0
Plombières,Van 15 tot 19 jaar,7.0
Plombières,Van 20 tot 24 jaar,6.0
Plombières,Van 25 tot 29 jaar,5.0
Pont-à-Celles,Van 15 tot 19 jaar,7.0
Pont-à-Celles,Van 20 tot 24 jaar,5.0
Pont-à-Celles,Van 25 tot 29 jaar,5.0
Poperinge,Van 15 tot 19 jaar,7.0
Poperinge,Van 20 tot 24 jaar,6.0
Poperinge,Van 25 tot 29 jaar,6.0
Profondeville,Van 15 tot 19 jaar,7.0
Profondeville,Van 20 tot 24 jaar,6.0
Profondeville,Van 25 tot 29 jaar,5.0
Putte,Van 15 tot 19 jaar,6.0
Putte,Van 20 tot 24 jaar,5.0
Putte,Van 25 tot 29 jaar,6.0
Puurs-Sint-Amands,Van 15 tot 19 jaar,6.0
Puurs-Sint-Amands,Van 20 tot 24 jaar,5.0
Puurs-Sint-Amands,Van 25 tot 29 jaar,6.0
Péruwelz,Van 15 tot 19 jaar,7.0
Péruwelz,Van 20 tot 24 jaar,6.0
Péruwelz,Van 25 tot 29 jaar,6.0
Quaregnon,Van 15 tot 19 jaar,7.0
Quaregnon,Van 20 tot 24 jaar,6.0
Quaregnon,Van 25 tot 29 jaar,6.0
Quiévrain,Van 15 tot 19 jaar,6.0
Quiévrain,Van 20 tot 24 jaar,6.0
Quiévrain,Van 25 tot 29 jaar,6.0
Quévy,Van 15 tot 19 jaar,6.0
Quévy,Van 20 tot 24 jaar,5.0
Quévy,Van 25 tot 29 jaar,5.0
Raeren,Van 15 tot 19 jaar,7.0
Raeren,Van 20 tot 24 jaar,5.0
Raeren,Van 25 tot 29 jaar,4.0
Ramillies,Van 15 tot 19 jaar,7.0
Ramillies,Van 20 tot 24 jaar,5.0
Ramillies,Van 25 tot 29 jaar,5.0
Ranst,Van 15 tot 19 jaar,7.0
Ranst,Van 20 tot 24 jaar,6.0
Ranst,Van 25 tot 29 jaar,5.0
Ravels,Van 15 tot 19 jaar,6.0
Ravels,Van 20 tot 24 jaar,6.0
Ravels,Van 25 tot 29 jaar,5.0
Rebecq,Van 15 tot 19 jaar,7.0
Rebecq,Van 20 tot 24 jaar,6.0
Rebecq,Van 25 tot 29 jaar,5.0
Remicourt,Van 15 tot 19 jaar,6.0
Remicourt,Van 20 tot 24 jaar,5.0
Remicourt,Van 25 tot 29 jaar,5.0
Rendeux,Van 15 tot 19 jaar,7.0
Rendeux,Van 20 tot 24 jaar,6.0
Rendeux,Van 25 tot 29 jaar,5.0
Retie,Van 15 tot 19 jaar,6.0
Retie,Van 20 tot 24 jaar,6.0
Retie,Van 25 tot 29 jaar,6.0
Riemst,Van 15 tot 19 jaar,5.0
Riemst,Van 20 tot 24 jaar,6.0
Riemst,Van 25 tot 29 jaar,6.0
Rijkevorsel,Van 15 tot 19 jaar,6.0
Rijkevorsel,Van 20 tot 24 jaar,6.0
Rijkevorsel,Van 25 tot 29 jaar,7.0
Rixensart,Van 15 tot 19 jaar,7.0
Rixensart,Van 20 tot 24 jaar,6.0
Rixensart,Van 25 tot 29 jaar,4.0
Rochefort,Van 15 tot 19 jaar,7.0
Rochefort,Van 20 tot 24 jaar,6.0
Rochefort,Van 25 tot 29 jaar,6.0
Roeselare,Van 15 tot 19 jaar,6.0
Roeselare,Van 20 tot 24 jaar,6.0
Roeselare,Van 25 tot 29 jaar,6.0
Ronse,Van 15 tot 19 jaar,6.0
Ronse,Van 20 tot 24 jaar,6.0
Ronse,Van 25 tot 29 jaar,6.0
Roosdaal,Van 15 tot 19 jaar,6.0
Roosdaal,Van 20 tot 24 jaar,5.0
Roosdaal,Van 25 tot 29 jaar,5.0
Rotselaar,Van 15 tot 19 jaar,7.0
Rotselaar,Van 20 tot 24 jaar,5.0
Rotselaar,Van 25 tot 29 jaar,5.0
Rouvroy,Van 15 tot 19 jaar,7.0
Rouvroy,Van 20 tot 24 jaar,6.0
Rouvroy,Van 25 tot 29 jaar,6.0
Ruiselede,Van 15 tot 19 jaar,6.0
Ruiselede,Van 20 tot 24 jaar,6.0
Ruiselede,Van 25 tot 29 jaar,5.0
Rumes,Van 15 tot 19 jaar,6.0
Rumes,Van 20 tot 24 jaar,6.0
Rumes,Van 25 tot 29 jaar,7.0
Rumst,Van 15 tot 19 jaar,6.0
Rumst,Van 20 tot 24 jaar,6.0
Rumst,Van 25 tot 29 jaar,5.0
Saint-Georges-sur-Meuse,Van 15 tot 19 jaar,7.0
Saint-Georges-sur-Meuse,Van 20 tot 24 jaar,6.0
Saint-Georges-sur-Meuse,Van 25 tot 29 jaar,5.0
Saint-Ghislain,Van 15 tot 19 jaar,6.0
Saint-Ghislain,Van 20 tot 24 jaar,6.0
Saint-Ghislain,Van 25 tot 29 jaar,6.0
Saint-Hubert,Van 15 tot 19 jaar,7.0
Saint-Hubert,Van 20 tot 24 jaar,7.0
Saint-Hubert,Van 25 tot 29 jaar,5.0
Saint-Léger (Virton),Van 15 tot 19 jaar,6.0
Saint-Léger (Virton),Van 20 tot 24 jaar,6.0
Saint-Léger (Virton),Van 25 tot 29 jaar,6.0
Saint-Nicolas (Luik),Van 15 tot 19 jaar,6.0
Saint-Nicolas (Luik),Van 20 tot 24 jaar,6.0
Saint-Nicolas (Luik),Van 25 tot 29 jaar,7.0
Sainte-Ode,Van 15 tot 19 jaar,7.0
Sainte-Ode,Van 20 tot 24 jaar,6.0
Sainte-Ode,Van 25 tot 29 jaar,5.0
Sambreville,Van 15 tot 19 jaar,6.0
Sambreville,Van 20 tot 24 jaar,6.0
Sambreville,Van 25 tot 29 jaar,6.0
Sankt Vith,Van 15 tot 19 jaar,7.0
Sankt Vith,Van 20 tot 24 jaar,7.0
Sankt Vith,Van 25 tot 29 jaar,6.0
Schaarbeek,Van 15 tot 19 jaar,6.0
Schaarbeek,Van 20 tot 24 jaar,7.0
Schaarbeek,Van 25 tot 29 jaar,10.0
Schelle,Van 15 tot 19 jaar,7.0
Schelle,Van 20 tot 24 jaar,5.0
Schelle,Van 25 tot 29 jaar,5.0
Scherpenheuvel-Zichem,Van 15 tot 19 jaar,5.0
Scherpenheuvel-Zichem,Van 20 tot 24 jaar,5.0
Scherpenheuvel-Zichem,Van 25 tot 29 jaar,6.0
Schilde,Van 15 tot 19 jaar,7.0
Schilde,Van 20 tot 24 jaar,6.0
Schilde,Van 25 tot 29 jaar,4.0
Schoten,Van 15 tot 19 jaar,7.0
Schoten,Van 20 tot 24 jaar,6.0
Schoten,Van 25 tot 29 jaar,5.0
Seneffe,Van 15 tot 19 jaar,7.0
Seneffe,Van 20 tot 24 jaar,6.0
Seneffe,Van 25 tot 29 jaar,5.0
Seraing,Van 15 tot 19 jaar,6.0
Seraing,Van 20 tot 24 jaar,6.0
Seraing,Van 25 tot 29 jaar,6.0
Sint-Agatha-Berchem,Van 15 tot 19 jaar,6.0
Sint-Agatha-Berchem,Van 20 tot 24 jaar,6.0
Sint-Agatha-Berchem,Van 25 tot 29 jaar,6.0
Sint-Genesius-Rode,Van 15 tot 19 jaar,7.0
Sint-Genesius-Rode,Van 20 tot 24 jaar,6.0
Sint-Genesius-Rode,Van 25 tot 29 jaar,4.0
Sint-Gillis,Van 15 tot 19 jaar,5.0
Sint-Gillis,Van 20 tot 24 jaar,7.0
Sint-Gillis,Van 25 tot 29 jaar,11.0
Sint-Gillis-Waas,Van 15 tot 19 jaar,6.0
Sint-Gillis-Waas,Van 20 tot 24 jaar,5.0
Sint-Gillis-Waas,Van 25 tot 29 jaar,6.0
Sint-Jans-Molenbeek,Van 15 tot 19 jaar,6.0
Sint-Jans-Molenbeek,Van 20 tot 24 jaar,7.0
Sint-Jans-Molenbeek,Van 25 tot 29 jaar,8.0
Sint-Joost-ten-Node,Van 15 tot 19 jaar,6.0
Sint-Joost-ten-Node,Van 20 tot 24 jaar,9.0
Sint-Joost-ten-Node,Van 25 tot 29 jaar,11.0
Sint-Katelijne-Waver,Van 15 tot 19 jaar,6.0
Sint-Katelijne-Waver,Van 20 tot 24 jaar,6.0
Sint-Katelijne-Waver,Van 25 tot 29 jaar,5.0
Sint-Lambrechts-Woluwe,Van 15 tot 19 jaar,5.0
Sint-Lambrechts-Woluwe,Van 20 tot 24 jaar,7.0
Sint-Lambrechts-Woluwe,Van 25 tot 29 jaar,8.0
Sint-Laureins,Van 15 tot 19 jaar,6.0
Sint-Laureins,Van 20 tot 24 jaar,5.0
Sint-Laureins,Van 25 tot 29 jaar,6.0
Sint-Lievens-Houtem,Van 15 tot 19 jaar,5.0
Sint-Lievens-Houtem,Van 20 tot 24 jaar,5.0
Sint-Lievens-Houtem,Van 25 tot 29 jaar,6.0
Sint-Martens-Latem,Van 15 tot 19 jaar,6.0
Sint-Martens-Latem,Van 20 tot 24 jaar,6.0
Sint-Martens-Latem,Van 25 tot 29 jaar,4.0
Sint-Niklaas (Sint-Niklaas),Van 15 tot 19 jaar,6.0
Sint-Niklaas (Sint-Niklaas),Van 20 tot 24 jaar,6.0
Sint-Niklaas (Sint-Niklaas),Van 25 tot 29 jaar,6.0
Sint-Pieters-Leeuw,Van 15 tot 19 jaar,7.0
Sint-Pieters-Leeuw,Van 20 tot 24 jaar,6.0
Sint-Pieters-Leeuw,Van 25 tot 29 jaar,5.0
Sint-Pieters-Woluwe,Van 15 tot 19 jaar,6.0
Sint-Pieters-Woluwe,Van 20 tot 24 jaar,6.0
Sint-Pieters-Woluwe,Van 25 tot 29 jaar,6.0
Sint-Truiden,Van 15 tot 19 jaar,6.0
Sint-Truiden,Van 20 tot 24 jaar,5.0
Sint-Truiden,Van 25 tot 29 jaar,6.0
Sivry-Rance,Van 15 tot 19 jaar,7.0
Sivry-Rance,Van 20 tot 24 jaar,6.0
Sivry-Rance,Van 25 tot 29 jaar,6.0
Sombreffe,Van 15 tot 19 jaar,7.0
Sombreffe,Van 20 tot 24 jaar,5.0
Sombreffe,Van 25 tot 29 jaar,5.0
Somme-Leuze,Van 15 tot 19 jaar,6.0
Somme-Leuze,Van 20 tot 24 jaar,6.0
Somme-Leuze,Van 25 tot 29 jaar,5.0
Soumagne,Van 15 tot 19 jaar,6.0
Soumagne,Van 20 tot 24 jaar,6.0
Soumagne,Van 25 tot 29 jaar,6.0
Spa,Van 15 tot 19 jaar,6.0
Spa,Van 20 tot 24 jaar,6.0
Spa,Van 25 tot 29 jaar,6.0
Spiere-Helkijn,Van 15 tot 19 jaar,7.0
Spiere-Helkijn,Van 20 tot 24 jaar,7.0
Spiere-Helkijn,Van 25 tot 29 jaar,6.0
Sprimont,Van 15 tot 19 jaar,7.0
Sprimont,Van 20 tot 24 jaar,6.0
Sprimont,Van 25 tot 29 jaar,5.0
Stabroek,Van 15 tot 19 jaar,6.0
Stabroek,Van 20 tot 24 jaar,6.0
Stabroek,Van 25 tot 29 jaar,7.0
Staden,Van 15 tot 19 jaar,7.0
Staden,Van 20 tot 24 jaar,6.0
Staden,Van 25 tot 29 jaar,6.0
Stavelot,Van 15 tot 19 jaar,7.0
Stavelot,Van 20 tot 24 jaar,6.0
Stavelot,Van 25 tot 29 jaar,6.0
Steenokkerzeel,Van 15 tot 19 jaar,6.0
Steenokkerzeel,Van 20 tot 24 jaar,5.0
Steenokkerzeel,Van 25 tot 29 jaar,6.0
Stekene,Van 15 tot 19 jaar,6.0
Stekene,Van 20 tot 24 jaar,6.0
Stekene,Van 25 tot 29 jaar,6.0
Stoumont,Van 15 tot 19 jaar,6.0
Stoumont,Van 20 tot 24 jaar,5.0
Stoumont,Van 25 tot 29 jaar,5.0
Tellin,Van 15 tot 19 jaar,7.0
Tellin,Van 20 tot 24 jaar,6.0
Tellin,Van 25 tot 29 jaar,5.0
Temse,Van 15 tot 19 jaar,6.0
Temse,Van 20 tot 24 jaar,6.0
Temse,Van 25 tot 29 jaar,6.0
Tenneville,Van 15 tot 19 jaar,6.0
Tenneville,Van 20 tot 24 jaar,8.0
Tenneville,Van 25 tot 29 jaar,6.0
Terhulpen,Van 15 tot 19 jaar,6.0
Terhulpen,Van 20 tot 24 jaar,6.0
Terhulpen,Van 25 tot 29 jaar,5.0
Ternat,Van 15 tot 19 jaar,6.0
Ternat,Van 20 tot 24 jaar,6.0
Ternat,Van 25 tot 29 jaar,5.0
Tervuren,Van 15 tot 19 jaar,6.0
Tervuren,Van 20 tot 24 jaar,5.0
Tervuren,Van 25 tot 29 jaar,4.0
Tessenderlo,Van 15 tot 19 jaar,6.0
Tessenderlo,Van 20 tot 24 jaar,5.0
Tessenderlo,Van 25 tot 29 jaar,6.0
Theux,Van 15 tot 19 jaar,7.0
Theux,Van 20 tot 24 jaar,7.0
Theux,Van 25 tot 29 jaar,6.0
Thimister-Clermont,Van 15 tot 19 jaar,8.0
Thimister-Clermont,Van 20 tot 24 jaar,7.0
Thimister-Clermont,Van 25 tot 29 jaar,6.0
Thuin,Van 15 tot 19 jaar,7.0
Thuin,Van 20 tot 24 jaar,6.0
Thuin,Van 25 tot 29 jaar,5.0
Tielt (Tielt),Van 15 tot 19 jaar,6.0
Tielt (Tielt),Van 20 tot 24 jaar,6.0
Tielt (Tielt),Van 25 tot 29 jaar,6.0
Tielt-Winge,Van 15 tot 19 jaar,6.0
Tielt-Winge,Van 20 tot 24 jaar,5.0
Tielt-Winge,Van 25 tot 29 jaar,5.0
Tienen,Van 15 tot 19 jaar,5.0
Tienen,Van 20 tot 24 jaar,5.0
Tienen,Van 25 tot 29 jaar,6.0
Tinlot,Van 15 tot 19 jaar,8.0
Tinlot,Van 20 tot 24 jaar,6.0
Tinlot,Van 25 tot 29 jaar,4.0
Tintigny,Van 15 tot 19 jaar,6.0
Tintigny,Van 20 tot 24 jaar,5.0
Tintigny,Van 25 tot 29 jaar,6.0
Tongeren,Van 15 tot 19 jaar,6.0
Tongeren,Van 20 tot 24 jaar,5.0
Tongeren,Van 25 tot 29 jaar,6.0
Torhout,Van 15 tot 19 jaar,6.0
Torhout,Van 20 tot 24 jaar,6.0
Torhout,Van 25 tot 29 jaar,6.0
Tremelo,Van 15 tot 19 jaar,6.0
Tremelo,Van 20 tot 24 jaar,5.0
Tremelo,Van 25 tot 29 jaar,5.0
Trois-Ponts,Van 15 tot 19 jaar,7.0
Trois-Ponts,Van 20 tot 24 jaar,6.0
Trois-Ponts,Van 25 tot 29 jaar,6.0
Trooz,Van 15 tot 19 jaar,7.0
Trooz,Van 20 tot 24 jaar,7.0
Trooz,Van 25 tot 29 jaar,6.0
Tubeke,Van 15 tot 19 jaar,7.0
Tubeke,Van 20 tot 24 jaar,6.0
Tubeke,Van 25 tot 29 jaar,6.0
Turnhout,Van 15 tot 19 jaar,6.0
Turnhout,Van 20 tot 24 jaar,6.0
Turnhout,Van 25 tot 29 jaar,7.0
Ukkel,Van 15 tot 19 jaar,6.0
Ukkel,Van 20 tot 24 jaar,6.0
Ukkel,Van 25 tot 29 jaar,7.0
Vaux-sur-Sûre,Van 15 tot 19 jaar,7.0
Vaux-sur-Sûre,Van 20 tot 24 jaar,6.0
Vaux-sur-Sûre,Van 25 tot 29 jaar,7.0
Verlaine,Van 15 tot 19 jaar,7.0
Verlaine,Van 20 tot 24 jaar,5.0
Verlaine,Van 25 tot 29 jaar,5.0
Verviers,Van 15 tot 19 jaar,7.0
Verviers,Van 20 tot 24 jaar,7.0
Verviers,Van 25 tot 29 jaar,7.0
Veurne,Van 15 tot 19 jaar,7.0
Veurne,Van 20 tot 24 jaar,6.0
Veurne,Van 25 tot 29 jaar,5.0
Vielsalm,Van 15 tot 19 jaar,7.0
Vielsalm,Van 20 tot 24 jaar,6.0
Vielsalm,Van 25 tot 29 jaar,6.0
Villers-Le-Bouillet,Van 15 tot 19 jaar,6.0
Villers-Le-Bouillet,Van 20 tot 24 jaar,6.0
Villers-Le-Bouillet,Van 25 tot 29 jaar,6.0
Villers-la-Ville,Van 15 tot 19 jaar,7.0
Villers-la-Ville,Van 20 tot 24 jaar,6.0
Villers-la-Ville,Van 25 tot 29 jaar,5.0
Vilvoorde,Van 15 tot 19 jaar,6.0
Vilvoorde,Van 20 tot 24 jaar,6.0
Vilvoorde,Van 25 tot 29 jaar,6.0
Viroinval,Van 15 tot 19 jaar,6.0
Viroinval,Van 20 tot 24 jaar,6.0
Viroinval,Van 25 tot 29 jaar,5.0
Virton,Van 15 tot 19 jaar,7.0
Virton,Van 20 tot 24 jaar,7.0
Virton,Van 25 tot 29 jaar,6.0
Vleteren,Van 15 tot 19 jaar,7.0
Vleteren,Van 20 tot 24 jaar,7.0
Vleteren,Van 25 tot 29 jaar,5.0
Vloesberg,Van 15 tot 19 jaar,6.0
Vloesberg,Van 20 tot 24 jaar,5.0
Vloesberg,Van 25 tot 29 jaar,5.0
Voeren,Van 15 tot 19 jaar,7.0
Voeren,Van 20 tot 24 jaar,6.0
Voeren,Van 25 tot 29 jaar,5.0
Vorselaar,Van 15 tot 19 jaar,6.0
Vorselaar,Van 20 tot 24 jaar,6.0
Vorselaar,Van 25 tot 29 jaar,6.0
Vorst (Brussel-Hoofdstad),Van 15 tot 19 jaar,5.0
Vorst (Brussel-Hoofdstad),Van 20 tot 24 jaar,6.0
Vorst (Brussel-Hoofdstad),Van 25 tot 29 jaar,8.0
Vosselaar,Van 15 tot 19 jaar,7.0
Vosselaar,Van 20 tot 24 jaar,6.0
Vosselaar,Van 25 tot 29 jaar,6.0
Vresse-sur-Semois,Van 15 tot 19 jaar,7.0
Vresse-sur-Semois,Van 20 tot 24 jaar,4.0
Vresse-sur-Semois,Van 25 tot 29 jaar,3.0
Waasmunster,Van 15 tot 19 jaar,7.0
Waasmunster,Van 20 tot 24 jaar,6.0
Waasmunster,Van 25 tot 29 jaar,5.0
Wachtebeke,Van 15 tot 19 jaar,6.0
Wachtebeke,Van 20 tot 24 jaar,5.0
Wachtebeke,Van 25 tot 29 jaar,5.0
Walcourt,Van 15 tot 19 jaar,7.0
Walcourt,Van 20 tot 24 jaar,6.0
Walcourt,Van 25 tot 29 jaar,6.0
Walhain,Van 15 tot 19 jaar,6.0
Walhain,Van 20 tot 24 jaar,6.0
Walhain,Van 25 tot 29 jaar,5.0
Wanze,Van 15 tot 19 jaar,7.0
Wanze,Van 20 tot 24 jaar,6.0
Wanze,Van 25 tot 29 jaar,5.0
Waregem,Van 15 tot 19 jaar,7.0
Waregem,Van 20 tot 24 jaar,6.0
Waregem,Van 25 tot 29 jaar,6.0
Wasseiges,Van 15 tot 19 jaar,7.0
Wasseiges,Van 20 tot 24 jaar,5.0
Wasseiges,Van 25 tot 29 jaar,5.0
Waterloo,Van 15 tot 19 jaar,7.0
Waterloo,Van 20 tot 24 jaar,6.0
Waterloo,Van 25 tot 29 jaar,4.0
Watermaal-Bosvoorde,Van 15 tot 19 jaar,6.0
Watermaal-Bosvoorde,Van 20 tot 24 jaar,6.0
Watermaal-Bosvoorde,Van 25 tot 29 jaar,5.0
Waver,Van 15 tot 19 jaar,7.0
Waver,Van 20 tot 24 jaar,7.0
Waver,Van 25 tot 29 jaar,5.0
Weismes,Van 15 tot 19 jaar,7.0
Weismes,Van 20 tot 24 jaar,6.0
Weismes,Van 25 tot 29 jaar,6.0
Welkenraedt,Van 15 tot 19 jaar,7.0
Welkenraedt,Van 20 tot 24 jaar,7.0
Welkenraedt,Van 25 tot 29 jaar,7.0
Wellen,Van 15 tot 19 jaar,5.0
Wellen,Van 20 tot 24 jaar,5.0
Wellen,Van 25 tot 29 jaar,6.0
Wellin,Van 15 tot 19 jaar,6.0
Wellin,Van 20 tot 24 jaar,6.0
Wellin,Van 25 tot 29 jaar,5.0
Wemmel,Van 15 tot 19 jaar,6.0
Wemmel,Van 20 tot 24 jaar,6.0
Wemmel,Van 25 tot 29 jaar,5.0
Wervik,Van 15 tot 19 jaar,6.0
Wervik,Van 20 tot 24 jaar,6.0
Wervik,Van 25 tot 29 jaar,6.0
Westerlo,Van 15 tot 19 jaar,6.0
Westerlo,Van 20 tot 24 jaar,5.0
Westerlo,Van 25 tot 29 jaar,7.0
Wetteren,Van 15 tot 19 jaar,6.0
Wetteren,Van 20 tot 24 jaar,5.0
Wetteren,Van 25 tot 29 jaar,6.0
Wevelgem,Van 15 tot 19 jaar,7.0
Wevelgem,Van 20 tot 24 jaar,6.0
Wevelgem,Van 25 tot 29 jaar,6.0
Wezembeek-Oppem,Van 15 tot 19 jaar,8.0
Wezembeek-Oppem,Van 20 tot 24 jaar,7.0
Wezembeek-Oppem,Van 25 tot 29 jaar,4.0
Wezet,Van 15 tot 19 jaar,7.0
Wezet,Van 20 tot 24 jaar,6.0
Wezet,Van 25 tot 29 jaar,6.0
Wichelen,Van 15 tot 19 jaar,6.0
Wichelen,Van 20 tot 24 jaar,5.0
Wichelen,Van 25 tot 29 jaar,6.0
Wielsbeke,Van 15 tot 19 jaar,6.0
Wielsbeke,Van 20 tot 24 jaar,6.0
Wielsbeke,Van 25 tot 29 jaar,7.0
Wijnegem,Van 15 tot 19 jaar,7.0
Wijnegem,Van 20 tot 24 jaar,6.0
Wijnegem,Van 25 tot 29 jaar,5.0
Willebroek,Van 15 tot 19 jaar,6.0
Willebroek,Van 20 tot 24 jaar,6.0
Willebroek,Van 25 tot 29 jaar,6.0
Wingene,Van 15 tot 19 jaar,6.0
Wingene,Van 20 tot 24 jaar,5.0
Wingene,Van 25 tot 29 jaar,6.0
Wommelgem,Van 15 tot 19 jaar,6.0
Wommelgem,Van 20 tot 24 jaar,6.0
Wommelgem,Van 25 tot 29 jaar,6.0
Wortegem-Petegem,Van 15 tot 19 jaar,6.0
Wortegem-Petegem,Van 20 tot 24 jaar,6.0
Wortegem-Petegem,Van 25 tot 29 jaar,6.0
Wuustwezel,Van 15 tot 19 jaar,7.0
Wuustwezel,Van 20 tot 24 jaar,7.0
Wuustwezel,Van 25 tot 29 jaar,6.0
Yvoir,Van 15 tot 19 jaar,6.0
Yvoir,Van 20 tot 24 jaar,6.0
Yvoir,Van 25 tot 29 jaar,5.0
Zandhoven,Van 15 tot 19 jaar,7.0
Zandhoven,Van 20 tot 24 jaar,6.0
Zandhoven,Van 25 tot 29 jaar,6.0
Zaventem,Van 15 tot 19 jaar,7.0
Zaventem,Van 20 tot 24 jaar,6.0
Zaventem,Van 25 tot 29 jaar,6.0
Zedelgem,Van 15 tot 19 jaar,7.0
Zedelgem,Van 20 tot 24 jaar,6.0
Zedelgem,Van 25 tot 29 jaar,5.0
Zele,Van 15 tot 19 jaar,6.0
Zele,Van 20 tot 24 jaar,6.0
Zele,Van 25 tot 29 jaar,7.0
Zelzate,Van 15 tot 19 jaar,6.0
Zelzate,Van 20 tot 24 jaar,5.0
Zelzate,Van 25 tot 29 jaar,6.0
Zemst,Van 15 tot 19 jaar,6.0
Zemst,Van 20 tot 24 jaar,5.0
Zemst,Van 25 tot 29 jaar,5.0
Zinnik,Van 15 tot 19 jaar,7.0
Zinnik,Van 20 tot 24 jaar,6.0
Zinnik,Van 25 tot 29 jaar,6.0
Zoersel,Van 15 tot 19 jaar,7.0
Zoersel,Van 20 tot 24 jaar,6.0
Zoersel,Van 25 tot 29 jaar,5.0
Zonhoven,Van 15 tot 19 jaar,6.0
Zonhoven,Van 20 tot 24 jaar,6.0
Zonhoven,Van 25 tot 29 jaar,6.0
Zonnebeke,Van 15 tot 19 jaar,7.0
Zonnebeke,Van 20 tot 24 jaar,6.0
Zonnebeke,Van 25 tot 29 jaar,6.0
Zottegem,Van 15 tot 19 jaar,6.0
Zottegem,Van 20 tot 24 jaar,5.0
Zottegem,Van 25 tot 29 jaar,6.0
Zoutleeuw,Van 15 tot 19 jaar,5.0
Zoutleeuw,Van 20 tot 24 jaar,5.0
Zoutleeuw,Van 25 tot 29 jaar,5.0
Zuienkerke,Van 15 tot 19 jaar,6.0
Zuienkerke,Van 20 tot 24 jaar,6.0
Zuienkerke,Van 25 tot 29 jaar,4.0
Zulte,Van 15 tot 19 jaar,6.0
Zulte,Van 20 tot 24 jaar,6.0
Zulte,Van 25 tot 29 jaar,7.0
Zutendaal,Van 15 tot 19 jaar,6.0
Zutendaal,Van 20 tot 24 jaar,6.0
Zutendaal,Van 25 tot 29 jaar,6.0
Zwalm,Van 15 tot 19 jaar,6.0
Zwalm,Van 20 tot 24 jaar,5.0
Zwalm,Van 25 tot 29 jaar,5.0
Zwevegem,Van 15 tot 19 jaar,7.0
Zwevegem,Van 20 tot 24 jaar,6.0
Zwevegem,Van 25 tot 29 jaar,6.0
Zwijndrecht,Van 15 tot 19 jaar,6.0
Zwijndrecht,Van 20 tot 24 jaar,6.0
Zwijndrecht,Van 25 tot 29 jaar,6.0
’s Gravenbrakel,Van 15 tot 19 jaar,7.0
’s Gravenbrakel,Van 20 tot 24 jaar,6.0
’s Gravenbrakel,Van 25 tot 29 jaar,5.0
